rank,type,poc_id,chunk_id,name,chunk_text,date,score
1,vector,xrng8DfDqckoEKvMr,69b9b936e63ce3f9eef2d890,Angular 18: Neue Features optimal nutzen und Bestandsprojekte effizient migrieren,"[SECTION]:
Signals
Maturity

– effect(), RxJS interop, Signal-based components, and zoneless change detection are still in developer preview (as of Angular 18.2.4)
– Used by YouTube

Signals in Angular 18 represent a new reactive primitive designed to efficiently track and respond to changes in data values over time. Unlike the traditional ZoneJS-based change detection system, which monitors all application events and triggers broad updates, Signals enable fine-grained reactivity by wrapping values and notifying Angular only when those specific values change. This approach promises significant performance improvements by potentially limiting updates to just the affected bindings rather than the entire component tree. Although still in developer preview as of Angular 18.2.4, Signals simplify the reactive model compared to RxJS Observables, making them more accessible while serving as the foundation for a zoneless change detection system. This new system aims to replace ZoneJS, enhancing efficiency and developer experience. Real-world adoption, such as by YouTube, demonstrates Signals' practical potential, even as Angular continues to evolve these features toward full stability and integration in future releases.",,0.8891811370849609
2,index,04721391f3f7580f0631b9d3,69b40cd2df13a192b75f188d,Angular 17: Neues Release des Web-Frameworks,"Breaking Changes in Angular 17

Da Angular 17 ein Major Release ist, gibt es entsprechend auch ein paar Breaking Changes. Ein Breaking Change betrifft das mit Angular 16 eingeführte Feature der Signals. Die Signals wurden mit Angular 16 noch als Developer-Preview gehandelt, daher die kurze Zeit bis zu dieser Änderung. Bei den Signals hat es sich gezeigt, dass die “signal.mutate()”-Funktion zu Inkonsistenzen in der Anwendung führen kann. Daher wurde diese Möglichkeit, ein Signal zu ändern, entfernt. Signals sollten nun nicht mehr per Mutation verändert werden, sondern stattdessen immer wie eine immutable Datenstruktur verwendet werden.
In Listing 19 ist beispielhaft gezeigt, wie ein Signal, das ein Array enthält, bisher verändert werden konnte, und wie es ab Angular 17 geschehen sollte.",2024-04-03,135.28855895996094
3,index,04721391f3f7580f0631b9d3,69b40cd2df13a192b75f188f,Angular 17: Neues Release des Web-Frameworks,"Signals sind stable in Angular 17

Ein wichtiges Detail in Angular 17 ist, dass die mit Angular 16 eingeführten Signals nun als Stable markiert sind. Das eigentliche Ziel bei Einführung der Signals war es, zone.js optional zu machen, indem ein neuer, Signal-basierter Change-Detection-Mechanismus eingeführt wird. Mit Angular 17 kommt das Angular-Team diesem Ziel einen großen Schritt näher: Signals ermöglichen eine sogenannte “lokale Change-Detection”, also einen Change-Detection-Vorgang, der sich nur auf die Komponenten bezieht, die auch wirklich geänderte (Signal)-Werte haben.

In Abbildung 2 ist beispielhaft der Unterschied zwischen den verschiedenen Change-Detection-Mechanismen dargestellt. Im Standardfall wird bei jedem asynchronen Event der komplette Komponentengraph überprüft. Bei OnPush-ChangeDetection werden die Komponenten überprüft, die die Change-Detection ausgelöst haben, oder geänderte “@Input()”-Werte haben, und deren jeweilige Parent-Komponenten (bis hoch zur AppComponent). Mit Signals ist es nun möglich, dass wirklich nur die Komponenten überprüft werden, die geänderte Signal-Werte haben.",2024-04-03,134.13743591308594
4,index,04721391f3f7580f0631b9d3,69b40cd2df13a192b75f189d,Angular 17: Neues Release des Web-Frameworks,"The snippet shows two ways to append an element to a signal that holds an array in an Angular/TypeScript context. The first uses items.mutate(...) and performs an in-place array push, directly modifying the underlying array. The second uses items.update(...) and returns a new array constructed with the spread operator, producing an immutable-style update by creating a fresh array that contains the previous items plus the new element. Both calls accept an arrow-function callback to compute the new state. Key concepts and APIs: Angular Signals (Signal methods mutate and update), JavaScript/TypeScript arrow functions, Array.prototype.push (in-place mutation) and the spread operator (...) to build a new array (immutable update pattern).

// Mit Angular 16
items.mutate(itemsArray => itemsArray.push(newItem));

// Ab Angular 17:
items.update(itemsArray => [itemsArray, ...newItem]);",2024-04-03,131.85171508789062
5,index,04721391f3f7580f0631b9d3,69b40cd2df13a192b75f18b8,Angular 17: Neues Release des Web-Frameworks,"Breaking Changes in Angular 17

Entfernung von signal.mutate(): Die Möglichkeit, Signals durch Mutation zu verändern, wurde entfernt. Signals müssen als immutable Datenstrukturen behandelt werden; Änderungen sollten durch die signal.update()-Funktion vorgenommen werden.
Signal-Handhabung als immutable: Anstatt Signals zu mutieren, sollten Entwickler diese nun behandeln, als wären sie immutable, und entsprechend aktualisieren.
Entfernung von Router Properties: Bestimmte Router Properties wie canceledNavigationResolution, paramsInheritanceStrategy, titleStrategy, urlUpdateStrategy, malformedUriErrorHandler und urlHandlingStrategy wurden aus der öffentlichen API entfernt.
Neue Konfiguration über provideRouter() oder RouterModule.forRoot(): Die zuvor entfernten Router Properties müssen jetzt über die provideRouter()-Funktion oder im RouterModule.forRoot()-Hook konfiguriert werden.
Änderung in der Navigation: Die Konfiguration der Navigationsstrategie und Fehlerbehandlung muss an die neuen Methoden angepasst werden, um Inkompatibilitäten mit dem Router-Service von Angular 17 zu vermeiden.",2024-04-03,131.65481567382812
6,index,de0df53930e2e1e582caf57f,69b40eabdf13a192b75f4313,Angular 17: The Web Framework's Newest Release,"Breaking Changes

Since Angular 17 is a major release, there’s also a few breaking changes. One breaking change concerns the Signal feature introduced in Angular 16. Signals were still in a preview mode in Angular 16, hence the short time until this change. With Signals, it’s been shown that the ""signal.mutate()"" function can cause inconsistencies in the application. Therefore, the option to change a Signal has been removed. Signals should no longer be changed by mutation, but should be used like an immutable data structure instead. Listing 19 shows an example of how a Signal containing an array could previously be changed and how it should be done from Angular 17 onwards.",2024-03-22,137.82196044921875
7,index,de0df53930e2e1e582caf57f,69b40eabdf13a192b75f42ed,Angular 17: The Web Framework's Newest Release,"Signals

An important detail in Angular 17 is that the signals introduced in Angular 16 are now stable. The goal of introducing Signals was to make zone.js optional by introducing a new, signal-based change detection mechanism. In Angular 17, the team has come a step closer to this goal. Signals enable ""local change detection"", a change detection process that only refers to the components that have changed (signal) values. Figure 1 shows an example of the difference between the change detection mechanisms. In the standard case, the complete component graph is checked for each asynchronous event. With OnPush-ChangeDetection, components that triggered the change detection or have changed ""@Input()"" values and their respective parent components (up to the AppComponent) are checked. With Signals, you can now check only the components that have changed signal values.",2024-03-22,136.5602569580078
8,index,de0df53930e2e1e582caf57f,69b40eabdf13a192b75f430b,Angular 17: The Web Framework's Newest Release,"This snippet shows two ways to update a reactive array-like signal in an Angular/TypeScript context. The first uses items.mutate(fn) to apply an in-place change by calling Array.prototype.push inside a provided arrow function, which mutates the existing array. The second uses items.update(fn) and returns a new array built with the spread operator, producing an immutable-style replacement of the signal’s value. Key concepts: reactive signals/state, in-place mutation versus immutable replacement, arrow functions, Array.prototype.push, and the spread operator ([...]). The code references Angular (comments), implying use of Angular’s writable signal API where mutate modifies the existing value and update replaces it with the function’s return value.

// With Angular 16

items.mutate(itemsArray => itemsArray.push(newItem));

  

// From Angular 17:

items.update(itemsArray => [itemsArray, ...newItem]);",2024-03-22,136.5155487060547
9,index,de0df53930e2e1e582caf57f,69b40eacdf13a192b75f4320,Angular 17: The Web Framework's Newest Release,"Listing 19: Comparing adding items to a ""Signal<Array>"" between Angular 16/17

Besides Signals, there are also breaking changes in the router. So far, this has the properties:

“canceledNavigationResolution“
“paramsInheritanceStrategy“
“titleStrategy“
“urlUpdateStrategy“
“malformedUriErrorHandler“
“urlHandlingStrategy“

With Angular 17, these properties were removed from the router’s public API. Instead of using the router, these properties should now be configured with the corresponding configuration parameters in the ""provideRouter()"" function or the ""RouterModule.forRoot()"" hook.",2024-03-22,136.03570556640625
10,index,de0df53930e2e1e582caf57f,69b40eabdf13a192b75f42e8,Angular 17: The Web Framework's Newest Release,"Angular

Angular 17 comes with a lot of new features. The Angular team calls it one of the ""biggest"" releases in its history. Besides the version updates for zone.js and TypeScript, it also offers many smaller and larger innovations. Two innovations related to the new APIs regarding Signals have already been added in Angular 16.2.0. Namely, it adds two new component lifecycle hooks. These are special because they don’t have to be implemented with an interface like conventional lifecycle hooks. They can be called as a callback function. This is similar to the ""computed()"" function in Signals. Listing 6 shows an example with the new hooks. The two hooks are called ""afterRender()"" and ""afterNextRender()"" and are executed, according to their name, after Angular renders the respective component. The difference between the two hooks is that ""afterNextRender()"" is only called once, after the next rendering process, while ""afterRender()"" remains active as long as the component is active. However, these two hooks are still listed as ""Developer Preview"" and are subject to change.",2024-03-22,131.90530395507812
11,index,de0df53930e2e1e582caf57f,69b40eabdf13a192b75f430e,Angular 17: The Web Framework's Newest Release,"Listing 18: Prefetch conditions

Angular CLI 17 will have an automatic migration to transform the old control flow directives to the new syntax. This should simplify changing to the new syntax. But at least in Angular 17, both syntax variants can still be used.",2024-03-22,131.22633361816406
12,index,64ace3828d8056484c3534ab,69b41040df13a192b75f64f4,Angular 16 released,"Signals in Angular 16 - Hört die Signale…

In Angular 16 hält ein neues und gleichzeitig so wegweisendes Konzept Einzug, das dem eine eigene Überschrift zu widmen ist. Die Rede ist von den “Signals”, einem Konzept, das sicherlich nicht zuletzt von Vue inspiriert wurde. Langfristiges Ziel ist es dabei, ohne “Zone.js” auszukommen und die Change-Detection mit anderen Mitteln abbilden zu können. Das ist sicherlich wichtig, um Standalone-Anwendungen zu verschlanken und vielleicht sogar die Möglichkeiten zu eröffnen, einzelne Elemente mit Angular umzusetzen, vergleichbar mit React und Vue. Als Motivation wurde angegeben, dass Angular-Anwendungen auf diese Weise einfacher werden, da die Verwendung von RxJS nicht mehr zwingend nötig ist. Damit soll die technische, aber auch die konzeptionelle Komplexität reduziert werden.

Gleichzeitig hat das Thema auch etwas Beigeschmack: Die offiziellen Diskussionen wurden erst ca. drei Wochen vor Verabschiedung des ersten Release-Candidate von Angular 16 öffentlich gestartet. Bei einer Entwicklungszeit von sechs Monaten und den potenziell immensen Konsequenzen einer solchen Designänderung wirkt das schon sehr kurzfristig. Kritische Kommentare in den RFC Diskussionen wurden zudem sehr diplomatisch abgetan, es wirkt, als sei sowieso alles intern durch das Angular-Team und Google entschieden worden. Assoziationen mit Paris 2016 sind dabei nicht ganz unbegründet. So ein Vorgehen stellt ein ernstzunehmendes Risiko für die Angular-Community dar. Ob Angular damit wirklich konzeptionell simpler wird, solange der mitgelieferte HttpClient RxJS verwendet, darf auch bezweifelt werden. Schließlich kommen Entwickler so zwangsläufig mit beiden Konzepten in Kontakt. Aber vielleicht wird ja auch drei Wochen vor dem ersten Release Candidate von Angular 17 der HttpClient mit demselben Argument abgekündigt.

Auch wenn es sich also um vielversprechende Visionen und fast schon eine neue Generation Angular handelt - etwas mehr Fingerspitzengefühl und Transparenz wären hier wünschenswert.

Technisch handelt es sich bei den Signals um eine Reactivity-Engine, mit der Änderungen am Zustand von speziellen Daten-Objekten zu Updates der zugehörigen DOM-Elemente führen. Anders als Promises und RxJS-Observable sind Aktionen auf “Signals” stets synchron. Da Webanwendungen inhärent durch Events getrieben sind, passt RxJS prinzipiell sehr gut. Daher gibt es zur Transformation zwischen Signals und Observables das neue Paket @angular/rxjs-interop, das Transformations-APIs wie ‘toObservable()’ und ‘toSignal()’ zur Verfügung stellt.

Ein Signal kann einfach erzeugt werden, indem die neue Funktion signal<T>() aufgerufen wird. Der Typ-Parameter T steht dabei für den Datentypen, der von diesem Signal “verwaltet” werden soll.",2023-04-06,133.55311584472656
13,index,64ace3828d8056484c3534ab,69b41040df13a192b75f64f0,Angular 16 released,"In Listing 19 ist anhand des Signal counter zu sehen, dass der Typ eines Signal auch durch Definition eines Initialwertes, hier die Zahl 0, festlegen kann. Ausgelesen wird das Signal dann, indem es wie eine Funktion aufgerufen wird. Das ist beispielsweise im Template der Komponente aus Listing 19 gezeigt. Normalerweise sollte bei Ausgaben in Templates aus Performance-Gründen keine Funktion eingesetzt werden, dies ist eigentlich meist eher ein Anti-Pattern. Im Falle von Signals ist das jedoch eine explizite Design-Entscheidung des Angular-Teams und kann auf lange Sicht sogar hilfreich für die Performance sein: Das Signal “merkt” selbst, wenn sich sein interner Zustand ändert. Im Falle einer Änderung kann ein Signal Angular dadurch sehr feingranular Hinweise geben, welcher Teil der Anwendung aktualisiert werden muss. Das ist natürlich ein wichtiges Element für performante Anwendungen.

Um den internen Zustand eines Signal zu ändern, gibt es verschiedene Methoden. Zum einen kann der Wert durch die Methode .set() auf einen konkreten Wert gesetzt werden. In unserem Fall wollen wir den Counter um eins erhöhen. Das bedeutet, dass wir beim Aufruf von .set() noch einmal den Momentanwert des Signals auslesen. Deshalb kann in diesem Fall auch einfach die .update()-Methode verwendet werden. Die gibt nämlich den Momentanwert des Signal als Parameter in eine Callback-Funktion hinein. Der Rückgabewert dieses Callbacks wird dann zum neuen Wert des Signal. Falls ein Signal komplexe Datenstrukturen, also z.B. Objekte oder Arrays enthält, so kann die Methode .mutate() verwendet werden, um das Objekt bzw. Array intern zu ändern. In der getNewInvoice() aus Listing 19 wird dies genutzt, um den Rechnungsbetrag im invoice-Signal zu ändern. Dies könnte beispielsweise auch asynchron nach einem HTTP-Aufruf so ausgeführt werden. Die Signals bekommen immer mit, wenn sich das interne Zustandsobjekt ändert, und können die Anwendung daher auch bei rein mutierenden Änderungen - also ohne, dass sich die Referenz ändert - über diese Tatsache informieren.

Neben diesen Standard-Signals gibt es noch sogenannte “Computed Signals”. Um ein Computed Signal zu erzeugen, gibt es die Funktion computed(), diese wird in Listing 20 verwendet, um den Gesamtpreis total aus der Invoice zu “berechnen”. Das Besondere an den Computed Signals ist, dass die Compute-Funktion jedesmal dann aufgerufen wird, wenn ein Signal, das in der Funktion verwendet wird, seinen Wert ändert. In Listing 19 wird im total-Signal nur auf das invoice zugegriffen. Das bedeutet, dass jedesmal, wenn sich an der invoice etwas ändert, auch das total-Signal neu berechnet wird. Theoretisch gesehen kann ein Computed Signal von beliebig vielen anderen Signals abhängen. Das Computed Signal wird dann jedesmal neu berechnet, sobald eines der anderen Signals den Wert ändert.",2023-04-06,132.1587677001953
14,index,de0df53930e2e1e582caf57f,69b40eabdf13a192b75f4309,Angular 17: The Web Framework's Newest Release,"New Control Flow Syntax

The biggest and most far-reaching innovation for developers, and the biggest innovation in Angular in terms of template syntax, is the new control flow syntax. In Angular 17, this syntax is still in a developer preview. But in the future, it will completely replace the previous directives ""*ngIf"", ""*ngFor"" and ""ngSwitch"". The logic of these directives will become part of the framework itself, instead of ""normal"" directives. This will allow the Angular team to better optimize the respective logic. Signals and the goal of making zone.js optional with the help of Signals were also a key reason for these innovations, since the old control flow directives were based on and needed ""zone.js"".

Besides the control flow logic, another feature that can be implemented thanks to the new syntax is a new form of lazy loading at component level. This feature, also known as ""deferrable views"", is discussed in more detail below.

First, let's familiarize ourselves with the basic syntax. Until now, ""control flow"" in Angular templates was handled by structural directives like ""*ngIf"" and ""*ngFor"". See Listing 8. In the future, structural directives can still be used and built, but ""*ngIf"", ""*ngFor"" and ""ngSwitch"" will be implemented with the new syntax. The example in Listing 8 can be easily rewritten in the new syntax, as shown in Listing 9. You’ll see that the ""if"" is no longer an HTML attribute, but an independent syntax construct marked with an ""@"". The condition is specified in round brackets, just like in TypeScript. This is followed by the template to be displayed in single curly brackets.",2024-03-22,131.08827209472656
15,index,de0df53930e2e1e582caf57f,69b40eacdf13a192b75f431f,Angular 17: The Web Framework's Newest Release,"Listing 17: Timer condition and minimum specifications

The new defer syntax also allows direct optimization. An optional ""prefetch"" statement can also be specified in the defer condition. The logic specified after the prefetch statement corresponds to the defer logic described above. In Listing 18, a component should only be displayed when the state of the variable ""isVisible"" changes to ""true"". The prefetch condition is used so the component can be displayed now without loading time. Once the ""prefetchCondition"" variable changes to ""true"", Angular prefetches the ""@defer"" block content. If ""isVisible"" changes to ""true"", no more loading time is needed, since the component is already ""present"" and only needs to be rendered. In the example shown in Listing 18, an ""on"" condition is used for pre-fetching instead of a ""when"" condition. In this case, Angular starts reloading the component when the outer component has rendered.",2024-03-22,130.4658203125
16,index,de0df53930e2e1e582caf57f,69b40eacdf13a192b75f4319,Angular 17: The Web Framework's Newest Release,"Listing 11: Example of a loop with the new “@for” Syntax in Angular 17

Previously, three directives were used to implement a switch case statement: ""ngSwitch"" and the structural directives ""*ngSwitchCase"" and ""*ngSwitchDefault"". With the new syntax, ""@switch"", ""@case"" and ""@default"" can now be used, as seen in Listing 12. Of course, you can still switch via primitive values or enum values, for instance. Just like the other control flow statements, normal Angular template code can be used as the cases content. You can also nest the control flow statements.",2024-03-22,130.43350219726562
17,index,de0df53930e2e1e582caf57f,69b40eabdf13a192b75f4314,Angular 17: The Web Framework's Newest Release,"Angular Material

Angular Material 17 introduces both an important and significant change for developers still using old Material components, known as “legacy” since Angular 15. Angular 15 is called legacy because the Angular Material team decided to replace the previously used CSS with the official Google Material Design Components (MDC) style. Because some components needed to be significantly revised, the Angular Material team prefixed the old versions with ""Legacy"" and deprecated them, but they are still allowed to be used.

In Angular Material 17, all legacy components with a modern MDC counterpart will be removed. This means that applications must be migrated to the new MDC-based Material components by Angular 17.

In the JavaScript universe, there are several ways to work with dates. To be able to use these different date-time libraries in Angular Material as well, Angular Material offers a ""DateAdapter"". The DateAdapter is then used by the Datepicker, for example, for date management. The ""DateAdapter"" is an abstract class that must be implemented to use a specific date-time library. Angular Material includes the built-in ""NativeDateAdapter"", which simply uses the native ""Date"" object available in the browser for data management.

This ""NativeDateAdapter"" has previously received the ""Platform"" service via constructor injection. With Angular Material 17, this is no longer the case. In addition, the ""NativeDateAdapter"" no longer uses constructor injection generally, but the ""inject()"" function instead. This major change has an impact in particular, if you have created the NativeDateAdapter yourself using a constructor, for example in unit tests. This is no longer possible, instead the NativeDateAdapter must be created using Angular's dependency injection.",2024-03-22,130.32420349121094
18,index,de0df53930e2e1e582caf57f,69b40eacdf13a192b75f431a,Angular 17: The Web Framework's Newest Release,"It is also advantageous to be able to do without zone.js and implement better controlled and fine-grained change detection using Signals. This leads to an overall improved performance and reduced load on the client system.

On the other hand, this requires corresponding changes that cannot be implemented by an automatic code transformation. All involved developers must learn the new concepts and master them in depth in order to effectively and meaningfully use these new possibilities.

By the way, what about the Angular module system? It still exists today, but the plan is to make modules optional in the future. This is also intended to make it easier for new developers to get started with Angular.",2024-03-22,130.31629943847656
19,index,de0df53930e2e1e582caf57f,69b40eacdf13a192b75f4318,Angular 17: The Web Framework's Newest Release,"Listing 13: Example of the new “@defer” expression in Angular 17

Besides the ""when"" specification with a Boolean expression, you can also specify an ""on"" condition. Listing 14 shows an example of the ""on immediate"" and the ""on idle"" condition. Here, ""on immediate"" behaves as if the expression were omitted. Once the outer component is rendered, components in the defer block are reloaded. With ""on idle"", the components are loaded as soon as the browser is in the ""idle"" state (technically, this corresponds to the browser’s ""requestIdleCallback()"" function).",2024-03-22,130.16082763671875
20,index,de0df53930e2e1e582caf57f,69b40eabdf13a192b75f42f8,Angular 17: The Web Framework's Newest Release,"TypeScript

The new Angular version also supports a new version of TypeScript. In Angular 17, TypeScript version 5.2 or higher must be used. Since Angular 16 still required TypeScript 5.0, let’s take a look at some interesting new features from both TypeScript 5.1 and TypeScript 5.2.",2024-03-22,130.1058807373047
21,index,de0df53930e2e1e582caf57f,69b40eabdf13a192b75f42f2,Angular 17: The Web Framework's Newest Release,"Angular CLI

The Angular team provides the Angular CLI for developers to manage Angular projects. An important step in Angular CLI 17 is the Angular build system update. In Angular CLI 17, newly created projects are now built with the new build system based on ""esbuild"" as the standard for the first time. This is primarily meant to speed up the build and optimize the build result or make it smaller.

The new name ""Vite"" (pronounced like the French. ""vite"" = ""fast"") based live development server promises a better, faster development cycle. For example, Vite lets you apply changes to the global CSS without needing a live reload.

For apps to be built entirely with the esbuild-based build system in the future, the esbuild builder needed some enhancements. For example, basic support for checking Angular CLI bundle budgets was added to help developers keep track of the size of JavaScript and CSS files generated in the build. Basic support for building WebWorkers has also been added. These are a browser-native feature, but still must be considered in the Angular build, since worker scripts are typically written with TypeScript. The old builder was already able to do this, and now the new esbuild builder follows suit.

Since they’re built in Angular, SPAs have one disadvantage. Once the initial web page has loaded, some scripts must first be loaded, which start the application. Depending on the internet connection and the page size, this takes a moment. Along with the fact that scripts have to be executed in order to display the content of the page, this is bad for the page’s SEO ranking.

Previously, the ""@nguniversal"" package could be used to make an Angular application SEO-fit. ""@nguniversal"" can (pre-)render an Angular application on the server side. The page content is visible immediately after the HTML has been loaded, since it no longer has to be generated dynamically in the client. This leads to a fast page load, better usability, and a better SEO ranking. Previously, the pre-rendering packages were in a separate namespace ""@nguniversal"", although these packages were also maintained by the Angular team. In Angular 17, most of the code has been moved from ""@nguniversal"" to the ""@angular/ssr"" package in the ""@angular"" namespace. However, apart from renaming, the functionality is essentially the same.

The topic of SSR (Server Side (pre-) Rendering) has become more important to the Angular team, as can be seen from the above change and the fact that it has become easier to integrate packages. When creating a new Angular 17 project, you’ll be asked if server-side rendering should be activated. Alternatively, the new option ""ng new --ssr"" can be used to generate a project with preconfigured SSR. In this project, Angular 16’s hydration is also directly activated. This will ensure a seamless transition from the server-side generated page to the fully functional Angular app without flickering.",2024-03-22,129.72659301757812
22,index,de0df53930e2e1e582caf57f,69b9dd910efa2c2180a1004f,Angular 17: The Web Framework's Newest Release,"Angular 17: The Web Framework's Newest Release - Renaissance? Angular 17! - All features at a glance

The popular JavaScript framework Angular has released version 17. It can be difficult to keep up with all the changes in angular, but this article covers an overview of Angular 17 features.",2024-03-22,129.71554565429688
23,index,de0df53930e2e1e582caf57f,69b40eabdf13a192b75f42f7,Angular 17: The Web Framework's Newest Release,"Breaking Changes in Angular CLI 17

Angular 17 keeps its own dependencies up to date. At least TypeScript version 5.2 and zone.js version 0.14.0 must now be used for Angular and Angular CLI. The minimum required node.js version is upgraded to 18.13.0.

Some defaults have also been replaced in Angular CLI. For example, when a new application is generated, the Angular router is now initialized by default. This wasn’t previously the case. If no routing is needed, the command line option ""--no-routing"" must be specified.

As of Angular CLI 17, all applications are generated as ""standalone"" applications by default, such as an application without ""@NgModule()"".

Another changed default value concerns the Angular interceptors. Angular HTTP interceptors can be generated with the ""ng g interceptor"" command. Previously, class-based interceptors were generated with this command. In Angular CLI 17, functional interceptors are generated instead. If a class-based interceptor is generated, the ""--no-functional"" option must be added to the command.",2024-03-22,129.583251953125
24,index,64ace3828d8056484c3534ab,69b41040df13a192b75f64e4,Angular 16 released,"This TypeScript Angular standalone component demonstrates using the Signals API for reactive state. It declares an object signal invoice = signal({ price: 1 }) and a derived computed signal total that returns invoice().price. The template interpolates total() and includes a button bound to getNewInvoice() via (click). Calling invoice.mutate(inv => inv.price = 42) updates the object's price in-place, which automatically updates the computed total and the rendered view through Angular's reactive change propagation. Key concepts and APIs shown: @Component decorator, standalone components, template event binding, reactive signals and computed selectors, signal() and computed() call semantics (signals/computeds are read by calling them as functions), and mutate() for in-place state updates.

@Component({
  selector: 'app-signal-object-demo',
  standalone: true,
  template: `
    <p> Total Invoice Sum: {{total()}}</p>
    <button (click)=""getNewInvoice()"">GetNewInvoice</button>
  `
})
export class SignalObjectDemoComponent {
  protected invoice = signal({price: 1});
  protected total = computed(() => this.invoice().price);

  getNewInvoice(): void {
    this.invoice.mutate(inv => inv.price = 42);
  }
}",2023-04-06,130.5535430908203
25,index,64ace3828d8056484c3534ab,69b9de910efa2c2180a10cda,Angular 16 released,"Angular 16 released - Alles zu neuen Features und Breaking Changes

Wir geben einen Überblick zu allen wichtigen Infos zum Release von Angular 16. Alles zu Signals, der Angular-CLI und TypeScript in Angular 16 erfahren Sie hier.",2023-04-06,129.8699493408203
26,index,04721391f3f7580f0631b9d3,69b40cd2df13a192b75f18ad,Angular 17: Neues Release des Web-Frameworks,"Neue Features in Angular 17

Mit Angular 17 kommen eine Menge neuer Features. Das Angular-Team selbst spricht von einem der “größten” Releases in der Geschichte von Angular. Dementsprechend bietet es - neben den bereits oben erwähnten Version-Updates von zone.js und TypeScript - auch viele kleinere und größere Neuerungen.

Zwei Neuerungen, die speziell mit den neuen APIs rund um Signals zu tun haben, sind bereits mit Angular 16.2.0 hinzugekommen. Nämlich zwei neue, spezielle Komponenten-Lifecycle-Hooks. Speziell deshalb, weil sie nicht wie herkömmliche Lifecycle-Hooks per Interface implementiert werden müssen, sondern als Callback-Funktion aufgerufen werden können. Das ist somit ähnlich wie die “computed()”-Funktion der Signals.

Ein Beispiel mit den neuen Hooks ist in Listing 6 aufgeführt, die beiden Hooks heißen “afterRender()” und “afterNextRender()” und werden, entsprechend ihres Namens, ausgeführt, nachdem Angular die jeweilige Komponente gerendert hat.  Der Unterschied zwischen beiden Hooks besteht darin, dass “afterNextRender()” nur einmal, nach dem nächsten Rendering-Vorgang, aufgerufen wird, während “afterRender()” aktiv bleibt, solange die Komponente aktiv ist. Diese beiden Hooks sind allerdings noch als “Developer Preview” geführt, können sich also noch ändern.",2024-04-03,129.38243103027344
27,index,04721391f3f7580f0631b9d3,69b40cd2df13a192b75f1895,Angular 17: Neues Release des Web-Frameworks,"Angular 17

Neue Anwendungen initialisieren den Angular Router standardmäßig und erzeugen Anwendungen als ""standalone"" ohne ""@NgModule()""s.
Funktionale HTTP-Interceptoren werden in Angular CLI 17 bevorzugt, klassenbasierte sind optional.
Einführung der neuen Syntax @switch, @case, und @default für Conditional Rendering und neue Direktiven wie @defer für Lazy Loading.
@defer unterstützt bedingtes Laden und Vorladen mit prefetch.
Die Angular CLI bietet eine automatische Migration zur neuen Syntax an; alte und neue Syntax können in Version 17 parallel genutzt werden.
Integration der neuen Lifecycle-Hooks afterRender() und afterNextRender sowie die Stabilisierung von Signals.
Lazy Loading für Animationen und die Integration der View Transitions DOM-API für optimierte Übergänge und Animationen.
Einführung einer neuen Control-Flow-Syntax als Developer Preview, die *ngIf, *ngFor, und ngSwitch ersetzt und zusätzliche Verbesserungen wie @if, @for, und erforderliches Track-by für Listen umfasst.",2024-04-03,128.86915588378906
28,index,04721391f3f7580f0631b9d3,69b40cd2df13a192b75f18a5,Angular 17: Neues Release des Web-Frameworks,"Neben den Signals gibt es  Breaking Changes im Router. Dieser hat bisher die Properties

“canceledNavigationResolution“
“paramsInheritanceStrategy“
“titleStrategy“
“urlUpdateStrategy“
“malformedUriErrorHandler“
“urlHandlingStrategy“

zur Verfügung gestellt. Mit Angular 17 wurden diese Properties aus der Public API des Router entfernt. Statt über den Router, sollten diese Properties jetzt durch die entsprechenden Konfigurationsparameter in der “provideRouter()”-Funktion oder dem “RouterModule.forRoot()”-Hook konfiguriert werden.",2024-04-03,128.67999267578125
29,index,de0df53930e2e1e582caf57f,69b40eabdf13a192b75f4310,Angular 17: The Web Framework's Newest Release,"Listing 10: “@if-@else” with Angular 17 Control Flow syntax in the template

The ""*ngFor"" directive will also be replaced with the new control flow syntax ""@for"". Listing 11 shows the corresponding syntax. You will immediately see that in the ""for"" statement, ""item of items"" is now written. It is no longer ""let item of items"", as was needed with ""*ngFor"". You must now specify a ""track"" option that takes over the role of the ""trackBy"" option from ""*ngFor"". There is an important difference here. The new ""@for-track"" option isn’t optional, it must always be specified. It’s used internally by Angular to optimize rendering the list so that the list does not have to be completely re-rendered all the time, especially if just individual list entries are changed. A completely new algorithm for list rendering was made possible by the new ""@for"" syntax. It also helps here and shows significant performance improvement in benchmarks compared to the old algorithm. The value specified in the ""track"" expression must identify the respective collection entry. If an array of objects is iterated over, the respective object ID should be used, as seen in Listing 11. If you are iterating over an array of primitive values, you can simply use the value itself (""track item"").

An innovation that we did not know from ""*ngFor"" until now is ""@for"" can be extended by ""@empty{}"". The template code in the ""@empty"" expression is always displayed if the transferred list (here ""items"") has no entries or is ""null"" or ""undefined"".

Several implicit variables can also be used within the ""@for"" expression to display the current loop iteration index (via ""$index""), for example. See Listing 11. You can also access the loop length (""$count"") to check if the current loop index is even (""$even"") or odd (""$odd""), or if it is the first (""$first"") or last (""$last"") loop element.",2024-03-22,129.38885498046875
30,index,de0df53930e2e1e582caf57f,69b40eabdf13a192b75f42f3,Angular 17: The Web Framework's Newest Release,"Version 17 of Angular, the popular JavaScript framework, is arriving. There’s a lot going on with Angular. Some people can lose track of things, or even become scared of getting overwhelmed. This article examines if this concern is justified or if the Angular team’s plan to usher in an Angular renaissance can succeed.

First of all: Anyone who has been putting off Angular upgrades or is only planning to update at the end of an LTS cycle should closely watch current developments and evaluate if incremental updates in small steps instead of a large leaps makes more sense in terms of effort and risk.

Of course, we’ll take a look at the Angular Core changes as well as TypeScript and Angular Material.",2024-03-22,129.17788696289062
31,index,de0df53930e2e1e582caf57f,69b40eacdf13a192b75f4323,Angular 17: The Web Framework's Newest Release,"Important Changes in CSS

To integrate Angular Material styles into SCSS, the ""@import"" mechanism of SCSS could be previously used. However, since this mechanism has long since been deprecated on the SCSS side, the ""@import"" option has now also been removed on the Angular Material side. As of Angular Material 17, the new SCSS ""@use"" syntax must be used to import the Material styles.

If you want to use Angular Material with custom styling, you can do so using the Material theming API. Previously, Material did not check whether the custom themes were formally correct but with Angular Material 17, these are now strictly validated. For example, if the ""mat.button-typography"" mixin is used with a theme in which ""typography: null"" is set, there will now be an error during the SCSS build.

In addition to importing the global Material styles, it’s also possible to load only the styles for individual components in the build. To do this, you can use the SCSS mixin ""mat.-theme"", where """" corresponds to the component name, for example ""card"", ""checkbox"", ""radio"", or ""list"".

Additionally, you can also load only individual parts of the component styles, such as the button typography (via the mixin ""mat.-typography""), the colors (via the mixin ""mat.-color""), or the density styles (you could also say ""spacing styles"", the mixin is ""mat.-density""). With Angular Material 17, even more styles have been added that are available in the component ""-theme"" mixins, but not in the sub-mixins. To use these styles, you must then use the ""mat.-base"" mixin.
To add the basic styles for all components, there is now also the mixin ""mat.all-component-bases"".",2024-03-22,129.06045532226562
32,index,de0df53930e2e1e582caf57f,69b40eabdf13a192b75f4300,Angular 17: The Web Framework's Newest Release,"Listing 9: “@if” with the new Control Flow syntax in Angular 17

Incidentally, the new syntax has changed slightly since the first RFC. In the original proposal, the example in Listing 9 would look a little more complex: (“{#if show} ... {/if}” statt “@if (show) { ... }”).

The new syntax has a clear advantage over the old structural directives, especially for ""if-elseif-else"" conditions. Previously, separate templates had to be created in an """" element for the ""else"" case. ""if-elseif-else"" constructs weren’t possible at all. ""if-else"" constructs had to be nested instead. Listing 10 shows the new syntax, where both are easily possible. The syntax is reminiscent of JavaScript. It’s important here that the keywords ""@if"" and ""@else"" are always preceded by an ""@"".",2024-03-22,128.84365844726562
33,index,64ace3828d8056484c3534ab,69b41041df13a192b75f6518,Angular 16 released,"This TypeScript/Angular component defines a simple reactive counter UI using Angular’s component decorator and the Signal reactive primitive. The component is standalone, declares a protected signal property counter = signal(0), and exposes an increase() method invoked by a button click via (click) event binding. The template displays the current counter value using interpolation with counter() (calling the signal to read its value). increase() increments the signal by reading counter() and writing the new value with counter.set(...); an alternative update API (counter.update(...)) is shown commented out. Key concepts and APIs: @Component decorator, standalone component, template interpolation, event binding, TypeScript method/property visibility, and the Signals API (signal(), signal getter invocation, set()/update()) enabling automatic UI updates.

@Component({
  selector: 'app-signal-demo',
  standalone: true,
  template: `
	<p> Counter: {{counter()}}</p>
	<button (click)=""increase()"">Increase</button>
  `
})
export class SignalDemoComponent {
  protected counter = signal(0);

  increase(): void {
	this.counter.set(this.counter() + 1);
	//this.counter.update(counter => counter + 1);
  }
}",2023-04-06,129.4388427734375
34,index,64ace3828d8056484c3534ab,69b41040df13a192b75f64f9,Angular 16 released,"© gdainti/Shutterstock.com

Change Detection performanter und leichtgewichtiger mit Signals

Sarah Drasner, die als Director of Engineering bei Googleu. a. auch dem Angular-Team vorsteht, hat auf Twitter von einer Angular-Renaissance gesprochen. Das trifft es ziemlich gut, denn in den letzten Releases gab es tatsächlich einige Neuerungen, die Angular äußert attraktiv machen. Die wohl wichtigsten sind Standalone Components und Standalone APIs.

Angulars neues Standalone API

Die neuen Standalone Components ermöglichen Angular-Entwicklung ohne Ng-Modules. Wir zeigen, was das für eine bestehende Architektur heißt.

Die neuesten Innovationen im Angular-Umfeld

In den letzten Monaten hat Angular einige neue Features erhalten, die es ermöglichen, das Framework auf eine frische und leichtgewichtige Weise zu verwenden. Dieser Artikel zeigt, wie diese Neuerungen dazu beitragen, unsere Lösungen wartbarer zu gestalten.",2023-04-06,129.37075805664062
35,index,64ace3828d8056484c3534ab,69b41040df13a192b75f64dc,Angular 16 released,"Breaking Changes in Angular-CLI 16

Mit der neuen Major-Version des Angular-CLI gibt es natürlich auch einige Breaking Changes: So wurde der Support für TypeScript 4.8 und Node.js 14 entfernt. Stattdessen wird als Standard TypeScript 5 verwendet, Node.js sollte in Version 16, 18 oder neuer vorliegen.",2023-04-06,129.2528839111328
36,index,64ace3828d8056484c3534ab,69b41041df13a192b75f6519,Angular 16 released,"Fazit

Dem Angular-Framework ist anzusehen, dass es einem enormen Wettbewerb ausgesetzt ist. React und zunehmend Vue sind bei Einsteigern beliebt. Sicherlich nicht zuletzt, weil die gefühlte Lernkurve flacher ist und inzwischen das Ökosystem auch bei den anderen Frameworks immens umfangreich ist. Auf der anderen Seite stehen neue Entwicklungen, wie Qwik, das von Ex-Angular Entwicklern mitgegründet wurde.

Was die wirklichen Gründe hinter allen Entscheidungen sind, kann man nur spekulieren. Da die Bi-Weekly-Notes September 2022 eingestellt wurden, scheint die Motivation für Transparenz auch nicht mehr auf dem höchsten Stand zu sein.

Ehrlicherweise muss man jedoch auch sagen, dass der Informationsgehalt zunehmend verschwindend gering wurde. Doch auch die RFC-Diskussionen wirken ein wenig wie diplomatisches Taktieren: Weniger als drei Wochen vor dem ersten Release Candidate von Angular 16 wurden die RFC-Diskussionen zur Signal-API erst gestartet, Kritik wurde “aufmerksam beobachtet”. (https://github.com/angular/angular/discussions/49989)

Vorher gab es entsprechende interne Diskussionen um Design, allerdings stellt sich dann die Frage, wieso dies nicht transparent umgesetzt wurde. Es erscheint insgesamt so, dass Angular sich dem politischen Druck von aufstrebenden Frameworks ausgesetzt sieht.

Aus ähnlichem Grund ist auch eine Investition in Server-side Rendering erkennbar. Sicherlich auch, um bei den Google-Lighthouse-Metriken gut dazustehen. Auf der anderen Seite möchte man neue Nutzer gewinnen und den Einstieg leichter machen. Angular glänzte bisher als Fullstack-Framework für absehbar komplexe und große Anwendungen mit hervorragender Wartbarkeit. Es bleibt zu hoffen, dass nicht gerade diese Kerngruppe von Enterprise-Entwickler:innen durch massiven Aufwand bei Migrationen auf neuere Angular Versionen so vor den Kopf gestoßen wird, dass auch diese sich überlegen, neue Projekte nicht mehr mit Angular umzusetzen. Was Migrationen auf neue Versionen angeht, müssen Aufwand und Nutzen im richtigen Verhältnis stehen. Ein Blick auf Dinge wie IPv6, Python 3 und die vielen Firmen, die noch Java 11, oder sogar darunter einsetzen, zeigt noch einmal, wie hervorragend Angular in der Vergangenheit da stand. Es bleibt zu hoffen, dass Angular den Blick auch auf diese Zielgruppe gerichtet hält und den Fokus nicht verliert.

Davon abgesehen wirken die großen Schritte in Richtung Signal-API und Zone.js als optionale Implementierung der Change Detection zukunftsweisend, fast schon wie die heimliche Vision einer neuen Generation Angular. Dasselbe gilt auch für das Modulsystem, das als optionales Mittel eingesetzt werden kann, große Anwendungen gut zu strukturieren und damit wartbar zu halten, ohne für Einsteiger oder bei kleinen Anwendungen ungerechtfertigte Komplexität zu erzwingen. Entwickler:innen sollten hier unbedingt am Ball bleiben - und auch die Zukunft Angulars aktiv mitgestalten.",2023-04-06,129.07400512695312
37,index,64ace3828d8056484c3534ab,69b41040df13a192b75f64ef,Angular 16 released,"Angular 16 setzt in vielerlei Hinsicht neue Akzente. Das wird nicht jedem gefallen. Ob das Angular-Team - und dahinter Google - hier kluge Entscheidungen trifft, wird vermutlich erst die Zeit zeigen. Um sich selbst ein Bild zu machen, betrachten wir alle wichtigen Änderungen zu TypeScript in Angular, die Angular-CLI und besonders Signals von Angular 16 im folgenden Beitrag.

Angular hat besonders da einen guten Ruf, wo es um langlebige Anwendungen geht, bei denen Investitutionsschutz ein sehr wichtiges Kriterium ist. Selbst bei sehr kritischen Umbaumaßnahmen, wie der Umstellung der Renderingengine auf Ivy hat das Angular-Team stets extrem gutes Fingerspitzengefühl bewiesen. Durch kontinuierliche Verbesserungen von ng-upgrade und gutes Engineering bedeuteten notwendige Migrationen für Entwickler immer weniger Aufwand. Zumal viele der Änderungen im Laufe mehrerer Versionen schrittweise umgesetzt wurden und oft sogar die API-Oberfläche für typische Anwendungen stabil gehalten werden konnte.",2023-04-06,128.80018615722656
38,index,04721391f3f7580f0631b9d3,69b40cd2df13a192b75f18b4,Angular 17: Neues Release des Web-Frameworks,"Angular Material 17

Angular Material 17 bringt eine wichtige Änderung und gleichzeitig auch einen großen Breaking Change für alle, die noch mit den alten, seit Angular 15 als „Legacy-„ bezeichneten Material-Komponenten arbeiten. Legacy deshalb, da sich das Angular-Material-Team mit Version 15 dazu entschieden hat, das bisher genutzte CSS gegen die offiziellen Google-Material-Design-Components (MDC) Styles auszutauschen. Da in diesem Rahmen einige Komponenten deutlich überarbeitet werden mussten, wurden die alten Versionen der Komponenten mit „Legacy“ prefixed und deprecated, sodass sie noch verwendet werden konnten.

Mit Angular Material 17 werden nun alle Legacy-Komponenten, die ein modernes MDC-Gegenstück haben, entfernt. Das heißt, dass Anwendungen spätestens mit Angular 17 auf die neuen, MDC basierten, Material-Komponenten migriert werden müssen.

Wenn im JavaScript-Universum mit Datumsangaben gearbeitet werden soll, gibt es mehrere Möglichkeiten beziehungsweise Bibliotheken, dies zu tun. Um auch in Angular-Material mit diesen unterschiedlichen Date-Time-Bibliotheken arbeiten zu können, bietet Angular Material einen sogenannten “DateAdapter” an. Der DateAdapter wird dann z.B. vom Datepicker zur Datums-Verwaltung genutzt. Der “DateAdapter” ist allerdings eine abstrakte Klasse, die implementiert werden muss, um eine bestimmte Date-Time-Bibliothek zu nutzen. In Angular Material direkt eingebaut gibt es zum Beispiel den “NativeDateAdapter”, der einfach nur das nativ im Browser verfügbare “Date”-Objekt zur Datenverwaltung nutzt.

Dieser “NativeDateAdapter” bekam bisher per Konstruktor-Injection den “Platform”-Service übergeben. Mit Angular Material 17 ist dies nicht länger der Fall, außerdem nutzt der “NativeDateAdapter” nun auch generell keine Konstruktor-Injection mehr, sondern die “inject()”-Funktion. Dieser Breaking Change hat vor allem dann eine Auswirkung, wenn man - etwa in Unit-Tests - den NativeDateAdapter selbst per Konstruktor erzeugt hat. Das ist nun nicht mehr möglich, stattdessen muss in einem solchen Fall der NativeDateAdapter mittels Angulars Depenency-Injection erzeugt werden.",2024-04-03,128.61302185058594
39,index,04721391f3f7580f0631b9d3,69b40cd2df13a192b75f18ba,Angular 17: Neues Release des Web-Frameworks,"Neue Control-Flow Syntax

Die größte und tiefgreifendste Neuerung für Entwickler:innen in diesem Release und, bezogen auf die Template-Syntax, die größte Neuerung in Angular überhaupt, ist die neue Control-Flow-Syntax von Angular. In Angular 17 ist diese Syntax noch als Developer Preview markiert, allerdings sollen damit in Zukunft unter anderem die bisherigen Direktiven “*ngIf”, “*ngFor” und “ngSwitch” komplett ersetzt werden.

Damit wird die Logik dieser Direktiven ein Teil des Frameworks an sich, statt “normaler” Direktiven wie bisher, wodurch das Angular-Team die jeweilige Logik besser optimieren kann. Ein wesentlicher Grund für diese Neuerungen waren auch die Signals und das Ziel, zone.js mit Hilfe der Signals optional zu machen, denn die alten Control-Flow-Direktiven basierten und benötigen “zone.js”.

Neben den oben genannten Control-Flow-Logiken ist ein weiteres Feature, dass dank der neuen Syntax umgesetzt werden konnte, eine neue Form des Lazy Loading auf Komponentenebene. Das auch “deferrable Views” genannte Feature wird im weiteren Verlauf detaillierter betrachtet.

Zunächst wollen wir uns mit der grundsätzlichen Syntax vertraut machen. Bisher wird der “Control Flow” in Angular-Templates durch sogenannte strukturelle Direktiven erledigt, wie beispielsweise “*ngIf” und “*ngFor”, siehe auch Listing 8. Strukturelle Direktiven können zwar auch in Zukunft verwendet und gebaut werden, speziell “*ngIf”, “*ngFor” und “ngSwitch” werden aber mit der neuen Syntax umgesetzt. Das Beispiel aus Listing 8 kann recht einfach in die neue Syntax umgeschrieben werden, siehe Listing 9. Auffällig ist, dass das “if” nun kein HTML-Attribut mehr ist, sondern ein eigenständiges Syntax-Konstrukt, das mit einem “@” gekennzeichnet ist. Die Bedingung wird dann nachfolgend in runden Klammern angegeben, wie bereits in TypeScript. Danach folgt dann das anzuzeigende Template innerhalb einfacher geschweifter Klammern.",2024-04-03,128.40652465820312
40,index,de0df53930e2e1e582caf57f,69b40eabdf13a192b75f430d,Angular 17: The Web Framework's Newest Release,"Listing 12: Example of a switch case with the new “@switch” syntax in Angular 17

The last element of the new control flow syntax offers new syntax and completely new functionality. ""Deferred Views"" (with ""@defer"") enable lazy loading at the component level without needing the router or complex renderer constructs. An example of a deferred view can be seen in Listing 13. Here, the component """" is the component that will be reloaded. The ""when"" expression is optional. If it’s omitted, lazy loading begins once the outer component is rendered. Otherwise, the ""when"" expression can be used to load the ""@defer"" block’s content only after a certain condition occurs. In the simplest case, a Boolean expression (""isLoaded"") can be queried, as seen in Listing 13.

In addition to the ""@defer"" block, Listing 13 shows more optional blocks. A template can be specified in ""@loading"" to represent the ""loading status"", like a loading spinner. The loading status is displayed the moment the Boolean condition (here ""isLoading"") changes to ""true"". When the """" component is loaded and rendered, the loading status is automatically removed. Developers should be especially careful with the loading state and avoid UX pitfalls. One large spinner for the entire page is easier for a user to “digest” than 20 simultaneously active spinners spread across the entire page and all individual components. When using load states, take care to make sure the page doesn’t permanently ""flicker"" due to piecemeal reloading the smallest page elements or that the content doesn’t constantly shift back and forth.

Here, ""@placeholder"" content is displayed until the ""isLoaded"" condition first has the value ""false"". One important note here: ""@defer"" doesn’t work like ""@if"" in the sense that you can switch back and forth between the values. Once ""isLoaded"" has the value ""true"", the lazy loaded component is displayed. Even if ""isLoaded"" is manually reset to ""false"", the ""@defer"" content continues to be displayed and doesn’t switch back to the ""@placeholder"" content.

If an error occurs when reloading the ""@defer"" content, (due to a network interruption, for example), content from the ""@error"" block is displayed.",2024-03-22,128.5375213623047
41,index,de0df53930e2e1e582caf57f,69b40eabdf13a192b75f42fd,Angular 17: The Web Framework's Newest Release,"Animations

Animations can be reloaded in Angular 17 with lazy loading. The browser must first load smaller bundles, making the initial application smaller, leading to shorter application loading and start times. To activate lazy loading for animations, the ""provideAnimationsAsync()"" function must be used. Here, the ""BrowserAnimationModule"" should no longer be imported and the ""provideAnimations()"" function should no longer be used.

The special thing about an SPA is that, as a rule, an HTML document is only loaded when the application starts. When switching to a different route, only components in the browser DOM are exchanged. Animations cannot simply be executed on page load, as is the case with server-side applications. Instead, animations must be better adapted to SPA logic, such as route changes. This is what the new View Transitions DOM API is designed for. This API provides the callback ""document.startViewTransition()"", which tells the browser that a view transition will start. Logic can be passed to the function that defines how the browser DOM should look at the end of the transition. The transition animation can be created using special CSS pseudo selectors. Angular uses this new API in the Angular 17 router so that a view transition is started for each navigation. However, since the ""View Transition"" feature is still experimental and has only been implemented in Chrome and Edge, router navigation in browsers such as Firefox or Safari continues to take place synchronously. To activate ViewTransitions, the ""withViewTransitions()"" function can be added to the router at startup. In Listing 7, the ""withViewTransitions()"" is also given a configuration object in which an ""onViewTransitionCreated()"" callback can be defined if additional (animation) logic is needed.",2024-03-22,128.47421264648438
42,index,de0df53930e2e1e582caf57f,69b40eacdf13a192b75f4315,Angular 17: The Web Framework's Newest Release,"Conclusion

Is Angular still known as the framework with long-term investment security? Is Angular’s popularity waning or is the framework able to conquer new target groups without alienating existing teams and developers? Or is there even a plan to consciously abandon existing teams and developers in order to modernize Angular?

Angular is being renewed so quickly that it feels almost like a new framework altogether. It will be interesting to see how long the old concepts will continue to be supported. After all, an ng-upgrade transformation of the source code is not enough;users also need to learn new concepts and replace old ones, which can temporarily reduce productivity. To what extent do third-party libraries support old and new Angular concepts? This is an important question, as the Angular team's communication with existing users could be improved. Additionally, users are concerned about Google's history of discontinuing products, which raises doubts about Angular's long-term viability.

The new Angular features are well-designed and enable new architectures and even more high-performance front-end applications. They also significantly improve the developer experience, especially by providing options for expressing if-elseif-else statements.

The rapid development pace of recent Angular versions could be challenging especially for enterprise customers and large projects with long-term maintenance requirements. Existing users may find it difficult to keep up, which could lead to frustration and concerns about investments made, and could ultimately limit Angular's adoption and traction with new users.

The Angular team could certainly work on improving its relationship with users by communicating more sensitively and carefully considering the risks and benefits of new features. Java is a good example of this: it consistently innovates, but with enough lead time and maximum compatibility even with very old codebases. Which is why Java is the preferred language in the enterprise environment.

The Angular Ivy migration and Java Loom project would be a good comparison, massive benefits were created through high-quality engineering, without requiring developers to make massive efforts themselves. It’s clear that this can’t always be achieved, but it’s perhaps worth keeping this in mind as a goal.

For Angular beginners, it's best to orient yourself with the latest concepts and avoid outdated literature, blog posts, and training courses.",2024-03-22,128.11972045898438
43,index,de0df53930e2e1e582caf57f,69b40eabdf13a192b75f42f0,Angular 17: The Web Framework's Newest Release,"Listing 5: Example Decorator Factory in TypeScript

After our look at TypeScript, next we will turn to the Angular CLI. This is typically used to build Angular applications.",2024-03-22,128.09214782714844
44,index,de0df53930e2e1e582caf57f,69b40eabdf13a192b75f4305,Angular 17: The Web Framework's Newest Release,"This is an Angular template fragment that conditionally renders a span element inside a div. The *ngIf structural directive evaluates the component class property show; if show is truthy the <span> ""Content here"" is instantiated in the DOM, and if falsy the span is removed entirely (not merely hidden). *ngIf is syntactic sugar for an underlying <ng-template> that Angular creates and destroys as the expression changes. Key concepts include Angular template syntax, structural directives, property binding to a component field, and the framework’s change detection which re-evaluates the expression and updates the rendered DOM. The snippet is HTML with Angular-specific template syntax rather than plain HTML.

<div><span *ngIf=""show"">Content here</span></div>",2024-03-22,128.0867156982422
45,index,eba6f5d083b14f4d8d53d87a,69b407b3df13a192b75e9b0b,"Was ist neu in Angular 16? Signals, Hydration, esbuild und mehr","Um das Erzeugen der Signals kümmert sich die Funktion  signal, die das Angular-Team im Paket @angular/core platziert hat. Diese Funktion liefert ein sogenanntes  WritableSignal, also ein Signal, das der Programmcode nicht nur lesen, sondern auch aktualisieren kann.  T steht für den Typ des verwalteten Werts. In den meisten Fällen kann  signal  diesen Typ aus dem übergebenen Standardwert herleiten. Falls nicht, ist ein Typparameter wie bei der Eigenschaft  flight  an  signal  zu übergeben.

Die Methode  search  liest und aktualisiert diese Signals. Dazu kommen Getter und Setter zum Einsatz. Um den Getter aufzurufen, wird das Signal wie eine Funktion behandelt. Den Setter bietet das Signal in Form einer Methode set  an.

Listing 1 erzeugt auch ein berechnetes Signal mit der Funktion  computed. Das Signal aktualisiert die als Lambdaausdruck übergebene Berechnung, wenn sich eines der verwendeten Signals ändert. Der Rückgabewert von  computed  ist vom Typ  Signal.  Im Gegensatz zum zuvor erwähnten  WritableSignal ist dieses read-only. Der Konstruktor in Listing 1 definiert mit der Funktion  effect  einen Seiteneffekt. Immer, wenn sich eines der darin verwendeten Signals ändert, kommt der übergebene Lambdaausdruck erneut zur Ausführung. Signals, die in aufgerufenen Methoden wie  search  zum Einsatz kommen, berücksichtigen  effect  auf dieselbe Weise. Das Template der Komponente bindet sich an die Signals (Listing 2).",2023-06-13,128.4016571044922
46,index,eba6f5d083b14f4d8d53d87a,69b407b2df13a192b75e9afc,"Was ist neu in Angular 16? Signals, Hydration, esbuild und mehr","This TypeScript/Angular component implements a reactive flight search UI using Angular’s signal primitives. It declares reactive signals for inputs and results: from, to and flights (typed Flight[]). A computed value flightRoute derives a string route by reading signals. An effect in the constructor subscribes to signal changes and invokes search() whenever dependent signals change. The async search method reads the current signal values (this.from(), this.to()), guards against empty inputs, and performs an awaited service call to fetch matching flights, updating the flights signal with results. Key concepts/APIs: @Component decorator, TypeScript typing, Angular signals, computed, effect, and async/await for asynchronous data fetching. The code demonstrates declarative reactive state and automatic side‑effect execution on dependency changes.

import { computed, effect, signal } from '@angular/core';
[...]
 
@Component([…])
export class FlightSearchComponent implements OnInit {
 
  from = signal('Hamburg'); // in Germany
  to = signal('Graz'); // in Austria
  flights = signal<Flight[]>([]);
 
  flightRoute = computed(() => this.from() + ' to ' + this.to());
 
  constructor() {
    effect(() => {
      this.search();
    });
  }
 
  async search() {
    if (!this.from() || !this.to()) return;
 
    const flights = await this.flightService.findPromise(
      this.from(),
      this.to()
    );
    this.flights.set(flights);
  }
 
}",2023-06-13,128.18113708496094
47,index,eba6f5d083b14f4d8d53d87a,69b407b2df13a192b75e9aff,"Was ist neu in Angular 16? Signals, Hydration, esbuild und mehr","Signals

Die wohl größte Neuerung in Angular 16 sind Signals. Dabei handelt es sich um einen simplen reaktiven Building Block, der künftig eine feingranulare Change Detection ohne Zone.js ermöglichen soll. Ein Signal ist ein Objekt, das einen Wert aufnimmt. Konsumenten können diesen Wert lesen und aktualisieren. Außerdem können sie sich informieren lassen, wenn sich der Wert ändert (Abb. 1).",2023-06-13,128.12496948242188
48,index,64ace3828d8056484c3534ab,69b41040df13a192b75f64de,Angular 16 released,"Innerhalb von Effects sollten zur Vermeidung von Endlosschleifen Signals immer nur gelesen, nie geschrieben werden. Dies wird auch durch die Signal-API überprüft und dann ggf. ein Fehler geworfen.",2023-04-06,128.29087829589844
49,index,64ace3828d8056484c3534ab,69b41040df13a192b75f64f5,Angular 16 released,"Als weiteres kleines Feature ist die DestroyRef hinzugekommen. Diese kann wie ein Service injected werden und erlaubt es, Logik per Callback zu registrieren, die beim OnDestroy der Komponente ausgeführt wird. Beispielsweise können auf diese Art und Weise Ressourcen freigegeben werden, ohne den ngOnDestroy()-Lifecycle-Hook implementieren zu müssen, siehe auch Listing 18. Um die Destroy-Logik wieder zu entfernen, z.B. weil eine Ressource bereits aus anderem Grund wieder freigegeben wurde, kann die unregisterFn() aufgerufen werden. Dann würde in diesem Beispiel doSomethingOnDestroy() nicht mehr aufgerufen.

Neben der DestroyRef wurde noch ein neues Paket @angular/rxjs-interop eingeführt, das vor allem mit den neuen Signals verwendet wird. Zusätzlich bietet dieses Paket aber auch noch die Funktion takeUntilDestroyed() an. Diese Funktion ist ein Pipeable rxjs-Operator und kann verwendet werden, um Observables zu beenden, sobald die zugehörige Komponente destroyed wurde. Unter der Haube verwendet dieser neue Operator eine DestroyRef. In Listing 18 wird gezeigt, wie man den Operator nutzen kann, um ein Intervall-Observable zu beenden, sobald die Komponente abgeräumt wird. In diesem Fall wird dem takeUntilDestroyed-Operator explizit eine DestroyRef mitgegeben. Dieser Schritt kann allerdings auch weggelassen werden, dann besorgt sich der Operator die DestroyRef selbst per inject()-Funktion. Das hätte dann hier aber zur Folge, dass der Operator - oder das ganze Observable - im Konstruktor erzeugt werden muss, da der inject()-Mechanismus den Konstruktor-Kontext benötigt.",2023-04-06,127.97071838378906
50,index,04721391f3f7580f0631b9d3,69b40cd2df13a192b75f18b2,Angular 17: Neues Release des Web-Frameworks,"Ebenfalls vorteilhaft ist die Möglichkeit, auf zone.js zu verzichten und durch Signals besser gesteuerte und feingranulare Change-Detection umzusetzen, was zu einer insgesamt verbesserten Performance und reduzierter Last auf dem Clientsystem führt.

Auf der anderen Seite sind dafür entsprechende Umbauten durchzuführen, die nicht durch eine automatische Code-Transformation umgesetzt werden können. Und, nicht zuletzt, müssen alle beteiligten Entwickler:innen die neuen Konzepte kennenlernen und auch in der Tiefe beherrschen, um effektiv und sinnvoll mit diesen neuen Möglichkeiten zu agieren.

Apropos, was ist mit dem Angular Modulsystem? Es existiert aktuell weiterhin, der Plan ist jedoch, die Module zukünftig optional zu machen. Auch damit soll neuen Entwicklern der Einstieg in Angular erleichtert werden.",2024-04-03,127.7309341430664
51,index,de0df53930e2e1e582caf57f,69b40eabdf13a192b75f42f9,Angular 17: The Web Framework's Newest Release,Listing 8: Previous “Control Flow” with Angular Directives,2024-03-22,127.80184173583984
52,index,de0df53930e2e1e582caf57f,69b40eacdf13a192b75f431b,Angular 17: The Web Framework's Newest Release,"Angular 17 in Practice

The changes allow new types of architecture and optimizations which were previously impossible or difficult to implement. An example from practice illustrates this:

A played a leading role in developing an integrated platform to provide effective, secure, fully GDPR-compliant remote training. If you look at a live screenshot (Figure 3), you’ll see that the audio and video control is directly available in the primary view (bottom left switch). This means that the associated components and services cannot be reloaded later with lazy loading, since there’s no nested route that would allow the code to be split accordingly.

This is now possible thanks to the new option to carry out code splitting and lazy loading at the component level. This means that initial application loads are considerably faster, since audio/video functionality in particular is complex and accounts for large portions of the code.",2024-03-22,127.79967498779297
53,index,de0df53930e2e1e582caf57f,69b40eabdf13a192b75f42e6,Angular 17: The Web Framework's Newest Release,"The image contrasts the evolution of the Angular framework’s branding by presenting its old and new logos side by side. The older logo features a classic shield shape rendered in solid red with a prominent white letter ""A"" centered within. This design emphasizes stability and tradition, reflecting Angular’s established presence in the web development community. The shield’s symmetrical, flat design conveys a sense of robustness and reliability, aligning with Angular’s reputation as a comprehensive framework.

In contrast, the new logo adopts a more modern, abstract approach. It retains the core ""A"" character but integrates it into a fragmented, polygonal shape that uses a gradient transitioning from pink to purple hues. This shift in color palette and form suggests a move towards a more dynamic, innovative identity. The angular, faceted design implies modularity and flexibility, highlighting Angular’s adaptability and evolving nature in the fast-paced front-end ecosystem. The use of vibrant gradients also aligns with current design trends, making the framework appear more contemporary and visually engaging.

Together, these logos reflect Angular’s journey from a solid, dependable tool to a cutting-edge platform embracing modern aesthetics and forward-thinking principles. The rebranding signifies not only a visual update but also a conceptual shift towards greater creativity and versatility in the framework’s development philosophy.

Caption: Figure 1: Old Angular-Logo on the left and new Angular-Logo on the right.",2024-03-22,127.79561614990234
54,index,de0df53930e2e1e582caf57f,69b40eabdf13a192b75f430a,Angular 17: The Web Framework's Newest Release,"The snippet declares deferred content blocks using a directive-style annotation: @defer (when <condition>; prefetch <strategy>) { ... }. Each block encloses content that will not be executed or rendered immediately. The first form defers until a visibility predicate (isVisible) becomes true and can prefetch based on a predicate (prefetchCondition). The second defers until visibility and requests immediate prefetching (""on immediate""). Key concepts are deferred/lazy loading, conditional rendering based on visibility, and prefetching strategies for ahead-of-time resource fetching. The syntax is a declarative template or component directive found in UI frameworks and signals performance-oriented behavior (lazy execution and controlled prefetch) rather than imperative control flow APIs.

@defer (when isVisible; prefetch when prefetchCondition) {

//...

@defer (when isVisible; prefetch on immediate) {

//...",2024-03-22,127.6845932006836
55,index,de0df53930e2e1e582caf57f,69b40eacdf13a192b75f4317,Angular 17: The Web Framework's Newest Release,"The application depicted integrates a multifaceted real-time communication interface built using Angular and TypeScript, designed for interactive training or group collaboration sessions. The left sidebar serves as a navigation panel with options such as introduction, group view, presentation, demos, exercises, handouts, and chat, reflecting a well-structured modular design typical of complex single-page applications. The main content area is dominated by a slide titled ""Transitive Abhängigkeiten,"" focusing on transitive dependencies, a key concept in software package management. This slide visually maps out dependencies with labeled boxes, differentiating core libraries from dependent modules, which emphasizes how dependencies can themselves have further dependencies, a critical consideration for maintaining and updating software projects.

The right side features live video streams of participants, indicating real-time video conferencing integration, which enhances synchronous communication. Below the main slide and video feed, additional participant thumbnails suggest a dynamic, multi-user environment where interactions can be monitored simultaneously. The presence of status indicators and client-server version details at the bottom left highlights the application's real-time connectivity and version tracking, essential for debugging and ensuring smooth user experience. Overall, this interface exemplifies how Angular can be leveraged to create complex, interactive educational tools that combine content delivery with live collaboration and communication, showcasing the framework's flexibility and power in building sophisticated business or training applications.

Caption: Figure 3: A complex Angular real-time application",2024-03-22,127.59268951416016
56,index,de0df53930e2e1e582caf57f,69b40eabdf13a192b75f42e3,Angular 17: The Web Framework's Newest Release,"Decorator Metadata

In TypeScript, a decorator is a function that is given a class, property, or method in order to extend the passed entity’s behavior. TypeScript 5.2 adds an exciting feature specifically for the Angular framework: the ability to add metadata to a decorator. This feature was already in the ""Experimental Decorators"" originally used by Angular, but now it’s also in the stable TypeScript specification. For example, in Listing 4, the decorator ""setMetadata"" is defined. A decorator is a function that’s given the decorated entity as a ""target"" and the associated ""context"". The ""metadata"" property was added to this context object in TypeScript 5.2. The metadata can be understood as a key-value store. Its corresponding TypeScript type is called ""record"". The metadata key is the name of the decorated entity; in Listing 4, for example, the property ""demoAmount"" is decorated. Therefore, it becomes a metadata key. Listing 4 shows how metadata can be written by accessing ""context.metadata"". The decorated entity’s name is in ""context.name"". In Listing 4, the string ""Demo data"" is stored in the metadata for each property decorated with ""@setMetadata"".

Stored metadata can be read from the class with the TypeScript metadata symbol (""Symbol.metadata"").",2024-03-22,127.45987701416016
57,index,eba6f5d083b14f4d8d53d87a,69b407b2df13a192b75e9afe,"Was ist neu in Angular 16? Signals, Hydration, esbuild und mehr","This TypeScript snippet (Angular) wires reactive UI state and an asynchronous flight search. Two signals, from and to, are initialized with 'Hamburg' and 'Graz'. toObservable converts those signals into RxJS observables, which are combined via combineLatest into a single stream of search parameter objects. The combined stream is debounced by 300ms to limit requests, then switchMap invokes flightService.find(from, to) to perform the async lookup. tap operators toggle a loading signal around the request lifecycle. Finally, the resulting flights observable is converted back to an Angular signal with toSignal, providing an initial empty array. Key concepts/APIs: Angular signals, rxjs-interop (toObservable/toSignal), RxJS combineLatest/debounceTime/switchMap/tap, and an injected flightService for HTTP/async data.

import { toObservable, toSignal } from '@angular/core/rxjs-interop';
[...]
 
from = signal('Hamburg');
to = signal('Graz');
 
from$ = toObservable(this.from);
to$ = toObservable(this.to);
 
flights$ = combineLatest({ from: this.from$, to: this.to$ }).pipe(
  debounceTime(300),
  tap(() => this.loading.set(true)),
  switchMap((combi) => this.flightService.find(combi.from, combi.to)),
  tap(() => this.loading.set(false))
);
 
flights = toSignal(this.flights$, { initialValue: [] });",2023-06-13,127.94619750976562
58,index,eba6f5d083b14f4d8d53d87a,69b407b3df13a192b75e9b09,"Was ist neu in Angular 16? Signals, Hydration, esbuild und mehr","Änderungen an Signals führen dazu, dass Angular die Change Detection anstößt und die Ansicht im Browser aktualisiert. Dieses Verhalten gleicht dem von Observables, die mit der Async Pipe ans Template gebunden werden. Deswegen lässt sich auch beim Einsatz von Signals die Change Detection-Strategie  OnPush  zur Verbesserung der Performance aktivieren. Künftige Angular-Versionen werden jedoch noch einen Schritt weitergehen und eine feingranulare Change Detection anbieten. Die soll es erlauben, Teile von Templates anstatt ganzer Templates zu aktualisieren.

Anders als bei Observables müssen sich Konsumenten nicht bei Signals abmelden (unsubscribe). Konsumiert der Code einer Komponente oder ein Template ein Signal, findet die Abmeldung automatisch beim Zerstören der Komponente statt. Dasselbe gilt für die Nutzung innerhalb anderer Angular-basierter Building Blocks wie Services oder Direktiven – der Konsument ist an die Lebensdauer des jeweiligen Building-Blocks gebunden.

In Version 16 liegen Signals erst einmal als Developer-Preview vor. Das bedeutet, dass sie sich in künftigen Versionen noch ändern können. Wie schon bei Standalone Components werden auch Signals mit bestehendem Code zusammenspielen. Es gibt also keinen Grund zur Hektik: Bestandscode muss nicht zwingend migriert werden.",2023-06-13,127.70097351074219
59,index,eba6f5d083b14f4d8d53d87a,69b407b3df13a192b75e9b07,"Was ist neu in Angular 16? Signals, Hydration, esbuild und mehr","Bindet sich das Template einer Komponente an ein Signal, stößt Angular die Change Detection an, sobald sich das Signal ändert. Ein Beispiel dafür findet sich in Listing 1, in dem alle zu bindenden Eigenschaften  from,  to  und  flights  als Signals vorliegen.",2023-06-13,127.53911590576172
60,index,64ace3828d8056484c3534ab,69b41040df13a192b75f64eb,Angular 16 released,"Wie bereits oben erwähnt, sind die Router-Guard- und -Resolver-Interfaces deprecated. Daher werden alle Referenzen auf diese Interfaces beim Upgrade auf Angular 16 durch eine automatische Migration gelöscht. Der Guard als solches kann aber zunächst weiter wie gewohnt verwendet werden, da TypeScript nun die Signatur der Guard-Funktion selbst prüft. Beispielhaft wird in Listing 10 ein CanActivate-Guard gezeigt. Dessen canActivate()-Methode muss mit dem Typen CanActivateFn übereinstimmen, damit der Guard als ein CanActivate-Guard verwendet werden kann. In Listing 10 ist außerdem auch gezeigt, wie ein funktionaler CanActivate-Guard im Prinzip aussieht. Hier ist zu beachten, dass es auch in funktionalen Guards möglich ist, Services zu injecten. Dazu wird aber die inject()-Funktion verwendet werden müssen, siehe ebenfalls Listing 10. In Zukunft sollen Guards nur noch funktional geschrieben werden, allerdings bleibt es auch möglich, Guards und Resolver klassenbasiert zu schreiben. Dann muss allerdings in zukünftigen Versionen von Angular dieser Guard umgewandelt werden. Diese Umwandlung kann in der Routen-Definition selbst geschehen, die Umwandlungsfunktionen stellt Angular zur Verfügung. In Listing 11 ist beispielhaft die Umwandlungsfunktion mapToCanActivate() dargestellt, mit der ein Array von klassenbasierten CanActivate-Guards in funktionale Guards transformiert werden kann. In Listing 11 ist auch dargestellt, dass klassenbasierte und funktionale Guards auch an der gleichen Route verwendet werden können, indem beide miteinander konkateniert werden.",2023-04-06,127.50748443603516
61,index,64ace3828d8056484c3534ab,69b41040df13a192b75f6507,Angular 16 released,"Breaking Changes in Angular 16

Bei Major Releases ist gemäß Semantic-Versioning Konventionen auch stets mit inkompatiblen Änderungen zu rechnen. Das hält auch Angular 16 so, doch halten sich die Auswirkungen für den Großteil der Nutzer sicherlich im Rahmen.

So haben sich die Versionsanforderungen der verwendeten Werkzeuge und Frameworks geändert. Zunächst wird als TypeScript-Version mindestens 4.9 verlangt. Node.js muss mindestens in Version 16 vorliegen, denn Node.js 14 hat als End-of-Life Datum den 30.3.2023. Zone.js in Versionen unter 0.12 wird nicht mehr unterstützt.

Der ReflectiveInjector als altes und bereits als deprecated markiertes Konstrukt ist entfallen. Bei Bedarf kann als Ersatz Injector.create verwendet werden.

Bereits mit Angular 14 war das BrowserTransferStateModule leer, es entfällt in diesem Release. Die TransferState-Klasse kann ohne das Modul direkt injiziert werden.

Im BrowserModule ist die Methode withServerTransition als deprecated markiert worden. Diese wurde im Falle von SSR genutzt, um der App eine App-ID zu setzen. Um nun eine App-ID zu vergeben, kann das Injection-Token APP_ID verwendet werden. Wenn mehrere Angular-Anwendungen auf derselben Seite platziert werden, ist es nötig, die APP-ID pro Anwendung auf einen individuellen Wert zu setzen. Falls nur eine App verwendet wird, kann auf die Konfiguration der APP-ID verzichtet werden.

Im Router wurden alle Referenzen auf den ComponentFactoryResolver entfernt, der früher u.a. für das Lazy-Loading zuständig war. Seit Angular 13 wird der ComponentFactoryResolver dafür jedoch nicht mehr benötigt und ist generell als ""Deprecated"" markiert. Neben dem Einsatz im Router konnte man mit dem ComponentFactoryResolver auch manuell Komponenten erzeugen. Um Komponenten heute manuell zu erzeugen, reicht jedoch einfach eine Referenz auf die Komponenten-Klasse. Diese kann dann zusammen mit einer ViewContainerRef genutzt werden, um eine Komponente per viewContainerRef.createComponent() zu erzeugen. Vor allem in Kombination mit Standalone-Komponenten ist es so auch einfach möglich, Komponenten unabhängig vom Router lazy nachzuladen.",2023-04-06,127.48056030273438
62,index,04721391f3f7580f0631b9d3,69b40cd2df13a192b75f18bc,Angular 17: Neues Release des Web-Frameworks,"TypeScript

Mit der neuen Angular-Version wird auch eine neue TypeScript-Version unterstützt. In Angular 17 muss nun zugleich TypeScript mindestens in Version 5.2 verwendet werden. Da beim Release von Angular 16 noch TypeScript 5.0 vorausgesetzt wurde, wollen wir uns an dieser Stelle sowohl einige interessante Neuerungen sowohl aus TypeScript 5.1 als auch aus TypeScript 5.2 ansehen.",2024-04-03,127.4352035522461
63,index,04721391f3f7580f0631b9d3,69b40cd2df13a192b75f1886,Angular 17: Neues Release des Web-Frameworks,"Server Side Rendering und SEO

SPAs, wie sie mit Angular gebaut werden, haben einen Nachteil: Wenn die initiale Webseite geladen wurde, müssen zunächst einige Scripte geladen werden, die dann Ihrerseits erst die Anwendung starten. Das dauert natürlich je nach Internetanbindung und Größe der Seite einen Moment. Dies zusammen mit der Tatsache, dass überhaupt Scripte ausgeführt werden müssen, um die Inhalte der Seite angezeigt zu bekommen, ist schlecht für das SEO-Ranking der Seite.

Um eine Angular-Anwendung SEO-fit zu machen, konnte bisher das Paket “@nguniversal” verwendet werden. “@nguniversal” kann eine Angular-Anwendung serverseitig (pre-)rendern. Dadurch sind die Inhalte der Seite direkt sichtbar, nachdem das HTML geladen wurde, da diese nicht mehr dynamisch im Client erzeugt werden müssen. Das führt zu einem schnellen Page Load, besserer Usability und u.a. dadurch auch zu einem besseren SEO-Ranking.

Bisher waren die Pre-Rendering-Pakete in einem eigenen Namespace “@nguniversal”, obwohl auch diese Pakete vom Angular-Team mit betreut wurden. Mit Angular 17 wurde der Code von “@nguniversal” größtenteils verschoben in das Paket “@angular/ssr”  im “@angular” Namespace. Die Funktionalität ist dabei allerdings bis auf Umbenennungen im Wesentlichen dieselbe wie vorher.

Dem Angular-Team ist das Thema SSR (Server Side (pre-) Rendering) wichtiger geworden, das sieht man neben obiger Änderung auch daran, dass es einfacher geworden ist, die Pakete hierfür einzubinden. So wird beim Anlegen eines neuen Angular-17-Projektes gefragt, ob Server-Side-Rendering aktiviert werden soll. Alternativ kann auch die neue Option “ng new --ssr” verwendet werden, um ein Projekt mit vorkonfiguriertem SSR zu generieren. In diesem Projekt ist dann auch direkt die mit Angular 16 hinzugekommene Hydration aktiviert, die einen nahtlosen Übergang von der serverseitig generierten Seite zur voll funktionsfähigen Angular-App ohne Flackern sicherstellen soll.",2024-04-03,127.06324768066406
64,index,04721391f3f7580f0631b9d3,69b9dd840efa2c2180a0ffba,Angular 17: Neues Release des Web-Frameworks,"Angular 17: Neues Release des Web-Frameworks - Renaissance? Angular 17! - Alle Features im Überblick

Das beliebte JavaScript-Framework Angular veröffentlicht Version 17. Da bei Angular viel in Bewegung ist, kann manch einer da den Überblick verlieren. Wir stellen alle Features von Angular 17 vor.",2024-04-03,127.04740142822266
65,index,04721391f3f7580f0631b9d3,69b40cd2df13a192b75f18b9,Angular 17: Neues Release des Web-Frameworks,"Die neue Defer-Syntax ermöglicht direkt auch eine Optimierung, denn optional kann in der Defer-Bedingung auch ein “prefetch”-Statement angegeben werden. Die Logik, die nach dem Prefetch-Statement angegeben wird, entspricht der oben beschriebenen Defer-Logik.

In Listing 18 oben soll zum Beispiel eine Komponente erst dann angezeigt werden, wenn der Zustand der Variablen “isVisible” auf “true” wechselt. Damit die Komponente zu diesem Zeitpunkt dann ohne Ladezeit angezeigt werden kann, wird die Prefetch-Bedinung verwendet: Sobald die Variable “prefetchCondition” auf “true” wechselt, lädt Angular den Inhalt des “@defer”-Block vor. Wenn im Anschluss “isVisible” auf “true” wechselt, wird keine Ladezeit mehr benötigt, da die Komponente schon “vorhanden” ist und nur noch gerendert werden muss.

Im unteren Beispiel aus Listing 18 wird statt einer “when”-Bedinung eine “on”-Bedinung zum pre-fetchen verwendet. In diesem Fall fängt Angular mit dem Nachladen der Komponente an, sobald die äußere Komponente gerendert wurde.",2024-04-03,127.02479553222656
66,index,04721391f3f7580f0631b9d3,69b40cd2df13a192b75f188e,Angular 17: Neues Release des Web-Frameworks,"Breaking Changes in Angular-CLI 17

Angular 17 hält natürlich seine eigenen Abhängigkeiten aktuell. Daher muss für Angular und Angular-CLI nun mindestens TypeScript in Version 5.2, zone.js in Version 0.14.0 verwendet werden. Auch die minimal notwendige node.js-Version wird nun auf 18.13.0 hochgesetzt.

Bei Angular-CLI sind außerdem einige Defaults ausgetauscht worden: Wenn etwa eine neue Anwendung generiert wird, wird bei dieser nun standardmäßig der Angular Router initialisiert. Dies war bisher nicht der Fall. Falls kein Routing gewünscht ist, muss die Kommandozeilenoption “--no-routing” angegeben werden.
Weiterhin werden ab Angular-CLI 17 alle Anwendungen standardmäßig als “standalone”-Applications erzeugt, also als Anwendung ohne eigene “@NgModule()”s.",2024-04-03,126.87508392333984
67,index,04721391f3f7580f0631b9d3,69b40cd2df13a192b75f1891,Angular 17: Neues Release des Web-Frameworks,"The comparison highlights a clear evolution in the branding of Angular, reflecting broader trends in design and technology identity. The older logo embraces a classic, shield-like shape in a solid red tone, centered around a prominent white ""A."" Its geometric simplicity and bold color choice convey stability and reliability, characteristics important for a foundational web framework. The subtle shading adds a slight three-dimensional effect, reinforcing a sense of solidity and tradition.

In contrast, the newer logo adopts a more abstract and modern approach. It retains the triangular form but breaks it into dynamic, angular segments with a gradient color scheme transitioning from pink to purple. This shift suggests a move towards a more vibrant, innovative, and flexible identity, aligning with contemporary design aesthetics that favor minimalism combined with vivid, eye-catching visuals. The negative space cleverly forms the letter ""A,"" maintaining brand recognition while embracing abstraction.

From a technical perspective, this transformation can be interpreted as a signal of Angular’s growth beyond its original scope. The fresh logo’s sleek, multifaceted appearance may symbolize modularity, adaptability, and cutting-edge technology, qualities essential for modern web development frameworks. Overall, the rebranding visually encapsulates Angular’s ambition to stay relevant and forward-thinking in a rapidly evolving ecosystem.

Caption: Abbildung 1: Altes Angular-Logo links, Neues Angular-Logo rechts.",2024-04-03,126.7792739868164
68,index,04721391f3f7580f0631b9d3,69b40cd2df13a192b75f187a,Angular 17: Neues Release des Web-Frameworks,"Das Angular 17 Release in Stichpunkten

Hier findet ihr knapp zusammengefasst einige der wichtigsten Neuerungen und Breaking Changes in Angular 17.",2024-04-03,126.71697235107422
69,index,de0df53930e2e1e582caf57f,69b40eabdf13a192b75f430f,Angular 17: The Web Framework's Newest Release,"Listing 14: Examples of ""on"" expressions that load directly or only in the idle state

In addition to these fairly static specifications, you can also react to dynamic user interactions with the ""on interaction"" conditions. To react to an interaction, an element that the user should interact with must be specified. The example in Listing 15 shows that either an external element like a button, can be transferred to the ""interaction"" condition using a template reference variable. Alternatively, this explicit assignment can be omitted. But then a ""@placeholder"" must be specified, since the placeholder content serves as the interaction element. This is shown in the middle of Listing 15.

This could be used to reload a detailed view at the push of a button, which contains complex parsing logic (or parsing and displaying XML) in the form of components and services that should only reload ""on demand"".

The ""on hover"" condition works similarly to the ""on interaction"" specification. See Listing 15. The only difference is that instead of an interaction, you only need to hover over the trigger element.",2024-03-22,127.18736267089844
70,index,de0df53930e2e1e582caf57f,69b40eaddf13a192b75f432b,Angular 17: The Web Framework's Newest Release,"Listing 15: Options for loading defer content based on an interaction trigger

Instead of direct user interaction, you can also load a defer block when another (trigger) element comes into the visible viewport. for instance, when the user scrolls to the trigger element. See Listing 16. Instead of the external trigger element, the placeholder can also be used as an implicit trigger element.",2024-03-22,127.15882110595703
71,index,de0df53930e2e1e582caf57f,69b40eacdf13a192b75f4316,Angular 17: The Web Framework's Newest Release,"Listing 16: Viewport triggers are used to load content when the trigger element is visible (in the viewport)

Last but not least, a defer block can also be reloaded using a time trigger. You must give a trigger a duration to load the component after. For example, Listing 17 specifies that the defer block should start loading the """" component after 1.5 seconds.

Regardless of the ""on"" condition used, the ""@loading"" block can be given an ""after"" and/or a ""minimum"" duration. In Listing 17, the ""after"" specification ensures that the loading state is displayed after 100 milliseconds at the earliest. The ""minimum"" specification makes sure that the loading state is displayed for at least 150 milliseconds. Similarly, the ""minimum"" specification for ""@placeholder"" ensures that the placeholder is displayed for at least 150 milliseconds before displaying the loading state.",2024-03-22,127.1329574584961
72,index,eba6f5d083b14f4d8d53d87a,69b407b3df13a192b75e9b02,"Was ist neu in Angular 16? Signals, Hydration, esbuild und mehr","In beiden Fällen leitet  toSignal  die Typisierung des Signal vom Observable ab. Im gezeigten Fall ergibt sich ein  Signal<Flight[]>. Kommen weder  initialValue  noch  requireSync  zum Einsatz, nimmt  toSignal  den Typ  undefined  in die Typisierung auf. Somit würde sich hier ein  Signal<Flight[] | undefined>  ergeben, das  undefined  als Initialwert aufweist.

Auch Signals, die auf Observables basieren, sind an die Lebenszeitspanne des nutzenden Building Block – zum Beispiel der jeweiligen Komponente oder des jeweiligen Service – gebunden. Bei Observables, die auf Signals basieren, ist das jedoch nicht so. Das Angular-Team wollte das von RxJS gewohnte Verhalten nicht ändern. Wer eine Subscription bei einem Observable trotzdem an die Lebenszeitspanne des jeweiligen Building Block binden möchte, kann auf den Operator  takeUntilDestroyed  des Interop-Layers zugreifen:",2023-06-13,127.14823913574219
73,index,64ace3828d8056484c3534ab,69b41040df13a192b75f64e5,Angular 16 released,"This TypeScript/Angular snippet demonstrates lifecycle-aware cleanup using Angular's DestroyRef and an RxJS observable. The constructor injects a DestroyRef and registers a callback via destroyRef.onDestroy(() => doSomethingOnDestroy()), which will run when the host is destroyed; the returned unregisterFn can cancel that registration. In ngOnInit an RxJS interval(1000) observable emits every second, is piped through takeUntilDestroyed(this.destroyRef) to automatically complete when the DestroyRef signals destruction, and is subscribed to log each value. Key concepts and APIs: Angular dependency injection and lifecycle (ngOnInit), DestroyRef.onDestroy for manual destroy callbacks, RxJS interval + subscribe for recurring emissions, and takeUntilDestroyed for automatic unsubscription/cleanup tied to component/service destruction.

constructor(private destroyRef: DestroyRef) {
  const unregisterFn = destroyRef.onDestroy(() =>
      doSomethingOnDestroy()
  );
  // unregisterFn(); // Nimmt onDestroy-Logik zurück
}

ngOnInit(): void {
  interval(1000)
   .pipe(takeUntilDestroyed(this.destroyRef))
   .subscribe(val => console.log('value:', val))
}",2023-04-06,126.97067260742188
74,index,04721391f3f7580f0631b9d3,69b40cd2df13a192b75f187d,Angular 17: Neues Release des Web-Frameworks,"Angular CLI in Angular 17

Zur Verwaltung von Angular-Projekten stellt das Angular-Team Entwickler:innen das Angular-CLI zur Verfügung. Ein wichtiger Schritt mit Angular-CLI 17 ist das Update des Angular-Build-Systems: Mit Angular-CLI 17 werden neu angelegte Projekte nun erstmals standardmäßig mit dem neuen, auf “esbuild” basierenden Buildsystem gebaut. Dies soll vor allem den Build beschleunigen und auch das Build-Resultat optimieren, bzw. kleiner machen.

Außerdem verspricht der neue, auf “Vite” (gesprochen wie franz. “vite” =
”schnell”)  basierende Live-Development-Server einen besseren, schnelleren Entwicklungszyklus zu ermöglichen. Beispielsweise ist es mit Vite möglich, Änderungen am globalen CSS anzuwenden, ohne dass dafür ein Live-Reload durchgeführt werden muss.

Damit Apps in Zukunft komplett mit dem auf esbuild basierenden Build-System gebaut werden können, mussten noch einige Erweiterungen am esbuild-Builder vorgenommen werden: So wurde zum Beispiel grundlegende Unterstützung für die Überprüfung von Angular-CLI Bundle-Budgets hinzugefügt, die dem Entwickler helfen, die Größe der im Build generierten JavaScript- und CSS-Dateien im Auge zu behalten. Außerdem wurde grundlegender Support für den Build von WebWorkern hinzugefügt. Diese sind natürlich ein Browser-natives Feature, müssen aber trotzdem im Angular-Build berücksichtigt werden, da die Worker-Scripte typischerweise mit TypeScript geschrieben sind. Der alte Builder konnte dies bereits, nun zieht hier auch der neue esbuild-Builder nach.",2024-04-03,126.69371795654297
75,index,04721391f3f7580f0631b9d3,69b40cd2df13a192b75f1896,Angular 17: Neues Release des Web-Frameworks,"Um die alten Control-Flow-Direktiven auf die neue Syntax zu transformieren, wird es im Angular-CLI 17 eine automatische Migration geben, die den Wechsel zur neuen Syntax vereinfachen soll. Zumindest in Angular 17 sind aber noch beide Syntax-Varianten verwendbar.",2024-04-03,126.59492492675781
76,index,04721391f3f7580f0631b9d3,69b40cd2df13a192b75f18b3,Angular 17: Neues Release des Web-Frameworks,"Breaking Changes im CSS

Um Angular-Material Styles per SCSS einzubinden, konnte bisher der “@import”-Mechanismus von SCSS verwendet werden. Da dieser Mechanismus aber schon länger SCSS-Seitig deprecated ist, wurde die “@import”-Möglichkeit nun auch auf der Seite von Angular-Material entfernt. Ab Angular Material 17 muss zum Einbinden der Material-Styles die neue SCSS “@use”-Syntax verwendet werden.

Soll Angular Material mit einem Custom-Styling verwendet werden, so ist dies über die Material-Theming API möglich. Bisher wurde dabei Material-seitig allerdings nicht überprüft, ob die Custom-Themes formal korrekt sind. Mit Angular Material 17 werden diese nun strikt validiert. Wenn beispielsweise das “mat.button-typography”-Mixin mit einem Theme verwendet wird, bei dem “typography: null” gesetzt ist, gibt es beim SCSS-Build von nun an einen Fehler.

Neben dem Import der globalen Material-Styles ist es auch möglich, nur die Styles für einzelne Komponenten im Build zu laden. Dazu kann das SCSS-Mixin “mat.-theme” verwendet werden, wobei “” dem Komponentennamen entspricht, z.B. “card”, “checkbox”, “radio” oder “list”.

Zusätzlich können aber auch nur einzelne Teile der Komponenten-Styles geladen werden, etwa wie im letzten Absatz die Button-Typographie (per Mixin “mat.-typography”), die Farben (per Mixin “mat.-color”) oder die Density-Styles (man könnte auch “Spacing-Styles” sagen, das Mixin ist “mat.-density”). Mit Angular Material 17 sind nun noch weitere Styles hinzugekommen, die zwar in den Komponenten “-theme”-Mixins vorhanden sind, aber nicht in den Sub-Mixins. Um diese Styles nutzen zu können, muss dann das “mat.-base” Mixin verwendet werden.
Um die Basic-Styles für alle Komponenten hinzuzufügen, gibt es nun auch das Mixin “mat.all-component-bases”.",2024-04-03,126.40496063232422
77,index,04721391f3f7580f0631b9d3,69b40cd2df13a192b75f189e,Angular 17: Neues Release des Web-Frameworks,"Animations mit Lazy-Loading in Angular 17

Animationen können in Angular 17 per Lazy Loading nachgeladen werden. Dadurch muss der Browser initial kleinere Bundles laden, macht also die initiale Anwendung kleiner und führt somit zu geringeren Anwendungs-Lade- und -Startzeiten. Um das Lazy-Loading der Animationen zu aktivieren, muss die Funktion “provideAnimationsAsync()” verwendet werden. Das “BrowserAnimationModule” sollte in diesem Fall dann nicht mehr importiert bzw. die Funktion “provideAnimations()” nicht mehr genutzt werden.

Das Besondere an einer SPA ist, dass im Regelfall nur beim Start der Anwendung ein HTML-Dokument geladen wird. Beim Wechsel auf eine andere Route werden lediglich Bestandteile im Browser-DOM ausgetauscht. Damit können Animationen nicht wie bei serverseitigen Anwendungen einfach beim Page-Load ausgeführt werden, sondern Animationen müssen besser auf SPA-Logik, wie beispielsweise Routenwechsel, abgestimmt werden. Genau dafür ist die neue View Transitions DOM-API gedacht. Diese API stellt den Callback “document.startViewTransition()” zur Verfügung, der dem Browser zum einen mitteilt, dass eine View-Transition gestartet werden soll.

Zum anderen kann der Funktion Logik übergeben werden, die definiert, wie der Browser-DOM am Ende der Transition aussehen soll. Die Transitionsanimation kann dann anhand spezieller CSS-Pseudo-Selektoren erfolgen. Angular nutzt diese neue API im Angular-17-Router, sodass für jede Navigation eine View Transition gestartet wird. Da das “View Transition” Feature allerdings bisher noch experimentell ist und nur im Chrome und Edge umgesetzt ist, findet die Router-Navigation in Browsern wie Firefox oder Safari weiterhin synchron wie bisher statt.

Um die ViewTransitions zu aktivieren, kann dem Router beim Start die Funktion “withViewTransitions()” mitgegeben werden. In Listing 7 wird der “withViewTransitions()” außerdem noch ein Konfigurationsobjekt mitgegeben, in dem beispielsweise ein “onViewTransitionCreated()”-Callback definiert werden kann, falls zusätzliche (Animations-)Logik benötigt wird.",2024-04-03,126.08285522460938
78,index,04721391f3f7580f0631b9d3,69b40cd2df13a192b75f1878,Angular 17: Neues Release des Web-Frameworks,"TypeScript

Angular 17 erfordert mindestens TypeScript 5.2.
Implizites ""return"" bei ""undefined"" wird nun unterstützt; Funktionen mit Rückgabetyp ""undefined"" sind mit ""void""-Funktionen kompatibel.
Unabhängige Typangaben für Getter und Setter werden mit TypeScript 5.1 ermöglicht.
Neue Metadaten für Decorators mit TypeScript 5.2, um Verhalten zu definieren und auszulesen.",2024-04-03,125.82402038574219
79,index,eba6f5d083b14f4d8d53d87a,69b9de510efa2c2180a109c7,"Was ist neu in Angular 16? Signals, Hydration, esbuild und mehr","Was ist neu in Angular 16? Signals, Hydration, esbuild und mehr - Kolumne: Enterprise Angular

Mit Angular 16 kommen gleich zwei große Neuerungen: Signals und Non-destructive Hydration. Außerdem gibt es zahlreiche Abrundungen, die das Arbeiten mit dem Framework vereinfachen. In diesem Artikel gehe ich anhand von Beispielen auf die wichtigsten Neuerungen ein. Den Quellcode findet man im Branch ng16-features auf GitHub [1].",2023-06-13,126.48492431640625
80,index,eba6f5d083b14f4d8d53d87a,69b407b2df13a192b75e9af3,"Was ist neu in Angular 16? Signals, Hydration, esbuild und mehr","RxJS Interop

Signals und RxJS weisen einige Gemeinsamkeiten auf, zumal beide reaktive Anwendungen ermöglichen. Im Gegensatz zu RxJS wurden Signals jedoch bewusst sehr einfach gehalten. Das primäre Ziel ist die Unterstützung der Change Detection. Der ab Version 16 mit Angular ausgelieferte RxJS-Interop-Layer erlaubt es, die Einfachheit von Signals mit den vielen und teils komplexen Möglichkeiten von RxJS zu kombinieren. Der Interop-Layer befindet sich im Namensraum  @angular/core/rxjs-interop  und bietet Funktionen zum Umwandeln von Signals in Observables und vice versa (Listing 3).",2023-06-13,126.26436614990234
81,index,eba6f5d083b14f4d8d53d87a,69b407b3df13a192b75e9b1a,"Was ist neu in Angular 16? Signals, Hydration, esbuild und mehr","© gdainti/Shutterstock.com

Angular 16 released

Angular 16 setzt in vielerlei Hinsicht neue Akzente. Das wird nicht jedem gefallen. Ob das Angular-Team - und dahinter Google - hier kluge Entscheidungen trifft, wird vermutlich erst die Zeit zeigen. Um sich selbst ein Bild zu machen, betrachten wir alle wichtigen Änderungen zu TypeScript in Angular, die Angular-CLI und besonders Signals von Angular 16 im folgenden Beitrag.",2023-06-13,126.22074890136719
82,index,64ace3828d8056484c3534ab,69b41040df13a192b75f64fe,Angular 16 released,"Genau wie mittlerweile mit dem Router und dem HttpClient möglich, wurde nun auch der Angular-Service-Worker so erweitert, dass er per Funktion zur App hinzugefügt werden kann. Diese Funktion heißt provideServiceWorker() und nimmt die gleichen Parameter entgegen, die bisher bei ServiceWorkerModule.register() übergeben wurden.

Wer ein Augenmerk auf den sicheren Betrieb seiner Anwendung legt, ist bestimmt schon einmal mit der sogenannten ""Content Security Policy"" (CSP) in Kontakt gekommen. Falls für die Styles eine CSP-Policy style-src 'self' oder gar 'strict-dynamic' verwendet wird, hat dies die Konsequenz, dass die Komponenten-Styles in Angular-Anwendungen nicht funktioniert haben. Das liegt daran, dass der Browser bei einer solchen Einstellung keine Inline-Styles erlaubt hat, die Angular für die Komponenten-Styles nutzt. In einem solchen Fall musste dann die CSP-Direktive unsafe-inline aktiviert werden, die jedoch als potentiell unsicher gilt. Mit Angular 16 ist es nun möglich, das Injection-Token CSP_NONCE zu nutzen, um einen sogenannten CSP-Nonce zu setzen, der dann von Angular an die Inline-Styles angefügt wird. Falls die index.html zur Produktionszeit durch den ausliefernden Server noch modifiziert werden kann, so kann statt des Injection-Tokens einfach das Attribut ngCspNonce auf dem App-Element gesetzt werden, siehe Listing 17. Es ist dabei explizit wichtig, dass der Wert von XYZ nicht irgendein fixer Wert ist, sondern jedesmal, wenn die index.html ausgeliefert wird, neu berechnet werden muss. Ein fixer Nonce hätte ähnliche Security-Eigenschaften wie die CSP-Direktive unsafe-inline. Zusammen mit dem Nonce-Property in der index.html muss der Nonce auch in die CSP-Direktive aufgenommen werden, z.B. auf diese Art: style-src 'nonce-XYZ' 'self' oder etwas strikter style-src 'nonce-XYZ' 'strict-dynamic'. Dieses Feature wurde in Zusammenarbeit zwischen dem Angular-Core-, dem Angular-Material- und dem Angular-CLI-Team entwickelt, sodass auch diese Pakete den neuen Mechanismus entsprechend unterstützen.",2023-04-06,126.47917175292969
83,index,64ace3828d8056484c3534ab,69b41040df13a192b75f64f1,Angular 16 released,"Angular-CLI

Fast alle Angular-Projekte werden mit Angular-CLI aufgesetzt und gebaut. Angular-CLI bietet dabei eine Abstraktion über das zugrundeliegende Buildsystem. So konnte in der Vergangenheit zum Beispiel die Umstellung von SystemJS auf Webpack als Implementierungsdetail verborgen werden.

Aktuell werden als Nachfolger von Webpack sowohl Vite aus dem Vue-Umfeld als auch esbuild untersucht. Bis zur tatsächlichen Umstellung ist es aber sicherlich noch mindestens ein Release hin.

Doch auch in Angular-CLI 16 gibt es einige Neuerungen, einige davon betreffen auch die bereits angesprochenen Experimente.

So wird der bestehende Support für das esbuild-basierte Build-Setup um Progress-Ausgaben erweitert. Außerdem kann der esbuild-DevServer nun z.B. SSL nutzen. Die Einbindung erfolgt, wie mit dem bestehenden Setup, per ng serve --ssl. Weiterhin können auch zusätzliche Scripte in den Build einbezogen werden. Das ist zum Beispiel bei der Einbindung von globalen Scripten wie dem Google Tag Manager praktisch.

Auch für das bestehende Buildsystem wurden einige Erweiterungen vorgenommen: So können neue Anwendungen als Standalone-Anwendungen (also ohne @NgModules) generiert werden. Dazu wird bei der Generierung der Anwendung das Flag --standalone mitgegeben. Um die Funktionalität von Standalone-Anwendungen an die Funktionalität von bisherigen Angular-Anwendungen anzugleichen, ist es nun auch möglich, Service-Worker und App-Shells für Standalone-Anwendungen per Schematics zu generieren.",2023-04-06,125.96902465820312
84,index,64ace3828d8056484c3534ab,69b41040df13a192b75f64fb,Angular 16 released,"Angular

Auch im Framework selbst hat sich vieles getan. Einiges davon ist als Vorbereitung für weitere geplante Designänderungen und Umbaumaßnahmen zu sehen.

Im Fokus stehen dabei aktuell die Möglichkeiten für Server-side Rendering, also die Angular-Anwendung dynamisch durch den Server auszuführen und das Ergebnis als fertigen HTML-Quellcode an den Client zu senden. Damit ist eine schnellere Darstellung der ersten Ansicht zu realisieren, was im Rahmen der Core Web Vitals gemessen werden kann. Eine höhere Nutzerzufriedenheit und Ranking in Suchmaschinen sollen sich daraus ergeben. Wechselt man nicht häufig zwischen verschiedenen Angular-Anwendungen und ist sogar im Enterprise-Umfeld unterwegs, in dem lediglich selten interne Anwendungen gestartet werden, sind das zugegebenermaßen keine Ziele, die hohe Priorität genießen. Für Anwendungen für Endnutzer im Internet können genau das jedoch wesentliche Erfolgskriterien sein, da es hier oft zum Wechsel von Webseiten kommt.

Weiterhin gibt es das Bestreben, Angular-Anwendungen ohne das Angular-Modulsystem erstellen zu können. Dies soll die Lernkurve verringern und weniger Komplexität, gerade zum Einstieg, ermöglichen. Da gerade das Angular-Modulsystem eine nicht zu unterschätzende Stärke für größere und komplexere Projekte darstellt, bleibt zu hoffen, dass es sich bei dem Modulsystem auch zukünftig um ein langfristig weiterhin unterstütztes, wenn auch optionales, Feature handeln wird. Und genau danach sieht es aktuell auch aus.

Neben den Komponenten, die im “normalen” Komponentenbaum aufgebaut werden, gibt es in der Regel noch “separat” angezeigte Komponenten wie Modale Dialoge, Popups oder auch Toasts. Mit der alten View-Engine war es nötig, diese separaten Komponenten im entryComponents-Property eines @NgModule (oder einer @Component) anzukündigen. Dies ist mit Ivy nicht mehr notwendig, daher ist das Property seit Angular 9 deprecated. Mit Angular 16 wird das entryComponents-Property nun entfernt, da es seit Ivy ohnehin keinen Effekt mehr hatte. Daneben wurde das moduleId-Property des @NgModule deprecated. Dies stammt noch aus der Anfangszeit von Angular, in der die Anwendungen mit SystemJS gebaut wurden. Auch dieses Property hat seit vielen Versionen keine Funktion mehr.",2023-04-06,125.87885284423828
85,index,64ace3828d8056484c3534ab,69b41040df13a192b75f64f7,Angular 16 released,"Mit TypeScript-Version 5 wurden in TypeScript Decorators, analog zur ECMAScript-Decorators-Spezifikation, eingeführt, die langfristig die bisherigen, experimentellen Decorators ablösen sollen. Angular nutzt die TypeScript Decorators, um damit Metainformationen, unter anderem für das Dependency-Injection-System, bereitzustellen. Die Informationen können für Klassen, aber auch Methodenparameter oder den Konstruktor hinterlegt werden. Die finalen Decorators werden jedoch nur an Typen unterstützt, damit können @Component, @Directive, @Pipe, @Injectable und @NgModule mit dem neuen Standard umgesetzt werden. Konstruktor-Parameter-Decorators, wie z.B. @Inject(), @Host(), @Optional() und dergleichen, die zur Konfiguration der Dependency-Injection genutzt werden können, sind mit der neuen Spezifikation noch nicht möglich. Da es noch nicht sicher ist, ob Parameter-Decorators in die ECMAScript- und TypeScript-Spezifikation aufgenommen werden, nutzt Angular im Standard weiterhin die experimentalDecorators. Wenn sowohl die TypeScript 5-Decorators als auch die DI-Konfigurationen genutzt werden sollen, so muss die mit Angular 14 eingeführte inject()-Funktion genutzt werden, beispielhaft in Listing 9 dargestellt.",2023-04-06,125.79449462890625
86,index,04721391f3f7580f0631b9d3,69b40cd2df13a192b75f187b,Angular 17: Neues Release des Web-Frameworks,"Bei Angular ist viel in Bewegung. Manch einer kann da den Überblick verlieren, oder gar Angst vor Überforderung bekommen. Ob diese Sorge begründet ist oder der Plan des Angular-Teams, für Angular eine Renaissance einzuläuten, gelingen kann, soll in diesem Beitrag beleuchtet werden.

Vorneweg: Wer bisher Angular Upgrades vor sich her geschoben hat, oder plant lediglich zum Ende eines LTS Zyklus zu aktualisieren, der sollte die aktuellen Entwicklungen sehr genau beobachten und bewerten, ob inkrementelle Updates mit kleinen Schritten, statt großer Sprünge aus Aufwand- und Risikosicht nicht sinnvoller sind.

Wir werfen natürlich nicht nur einen Blick auf die Angular-Core Änderungen, sondern werden auch TypeScript und Angular-Material betrachten.",2024-04-03,125.67354583740234
87,index,04721391f3f7580f0631b9d3,69b40cd2df13a192b75f1879,Angular 17: Neues Release des Web-Frameworks,"Angular CLI

Angular CLI nutzt ""esbuild"" für schnellere Builds und kleinere Ergebnisse, einschließlich eines Vite-basierten Development-Servers.
Server-Side Rendering Funktionalitäten unter dem Paket ""@angular/ssr"" wurden eingeführt, mit vereinfachten SSR-Optionen im CLI.
Es gibt mehrere Breaking Changes in Angular CLI, einschließlich der Anforderung von TypeScript 5.2 und zone.js 0.14.0, sowie der Anhebung der minimalen Node.js-Version auf 18.13.0.",2024-04-03,125.57485961914062
88,index,04721391f3f7580f0631b9d3,69b40cd2df13a192b75f18b7,Angular 17: Neues Release des Web-Frameworks,"Nach dem Blick auf TypeScript schauen wir als nächstes einmal auf das Angular CLI, mit dem typischerweise unter anderem der Build von Angular Anwendungen umgesetzt ist.",2024-04-03,125.47136688232422
89,index,04721391f3f7580f0631b9d3,69b40cd2df13a192b75f18ab,Angular 17: Neues Release des Web-Frameworks,"Fazit

Ist Angular weiterhin das Framework mit langfristiger Investitionssicherung? Schwinded Angular oder schafft es das Framework neue Zielgruppen zu erobern, ohne bestehenden Teams und Entwickler:innen vor den Kopf zu stoßen? Oder plant man gar, diese bewusst zu opfern, um sich moderner aufzustellen?

Im Moment erneuert sich Angular so schnell, dass es fast den Anschein eines neuen Frameworks macht. Spannend wird dabei, wie lange die alten Konzepte weiter unterstützt werden. Denn mit einer ng-upgrade-Transformation des Quellcodes ist es ja nicht getan, sondern es geht auch um den kognitiven Aufwand bei den Nutzer:innen: Es gilt neue Konzepte zu lernen, mit alten abzuschließen. Das reduziert zumindest temporär die Produktivität. Es stellt sich auch die Frage, inwieweit alte und neue Konzepte durch 3rd-Party-Bibliotheken unterstützt werden.

Leider tut sich das Angular Team auch mit der, sagen wir mal optimierbaren,  Kommunikation, nicht unbedingt einen Gefallen bei den bestehenden Nutzer:innen. Als Sorge schwingt bei den Nutzer:innen natürlich auch mit, dass Google als Hauptsponsor von Angular in den letzten Jahren nicht gerade zimperlich war, wenn es darum ging, Produkte abzukündigen.

Dabei machen die neuen Features durchaus Sinn und ermöglichen neuartige Architekturen und noch performantere Anwendungen im Frontend. Auch ist die Developer-Experience erheblich besser, fehlten bisher Möglichkeiten if-elseif-else auszudrücken. Schaut man sich jedoch das Entwicklungstempo von Angular in den letzten Versionen an, ist das gerade für Enterprise-Kund:innen und große Projekte, die langfristig gewartet werden sollen, ein extrem hohes Tempo.

Es wäre nicht verwunderlich, wenn sich hier einige Nutzer:innen zumindest schwer tun, mitzuhalten. Hier besteht das Risiko, dass Angular trotz der Renaissance nicht genug Traktion bei neuen Nutzer:innen aufbaut und gleichzeitig Frustration und Sorge um getätigte Investitionen bei bestehenden Nutzer:innen erzeugt.

Hier könnte sicherlich durch etwas feinfühligere Kommunikation und sorgfältige Abwägung von Risiko und Nutzen durch das Angular-Team ein besseres Vertrauensverhältnis geschaffen werden. Ein hervorragendes Beispiel ist hier Java: Innovation findet statt, jedoch mit entsprechend viel Vorlauf und maximal möglicher Kompatibilität selbst zu sehr alten Codebasen. Nicht umsonst ist Java damit die Sprache im Enterprise-Umfeld. Und das ist definitiv positiv und wertschätzend gemeint.

Ein passender Vergleich wäre hier die Angular-Ivy Umstellung und das Java Projekt Loom: Massiver Nutzen wurde durch hochkarätiges Engineering geschaffen, ohne dass dazu Entwickler:innen zu massivem Eigenaufwand genötigt werden. Es ist klar, dass dies nicht immer gelingen kann, aber es ist vielleicht erstrebenswert, dies als Ziel vor Augen zu haben.

Und wer ganz neu mit Angular einsteigt, tut gut daran, sich direkt an den aktuellen Konzepten zu orientieren und nicht auf ältere Literatur, Blogeinträge oder Trainings zurückzugreifen.",2024-04-03,125.46421813964844
90,index,04721391f3f7580f0631b9d3,69b40cd2df13a192b75f1893,Angular 17: Neues Release des Web-Frameworks,"Angular 17 in der Praxis

Mit den Änderungen sind neuartige Architekturen möglich und Optimierungen, die früher gar nicht oder nur schwer umsetzbar waren. Zur Illustration soll ein Beispiel aus der Praxis dienen:

Um effektive, sichere und vollständig DSGVO konforme Remote-Schulungen durchzuführen, wurde eine integrierte Plattform entwickelt, an der der Autor dieses Beitrags federführend beteiligt war. Schaut man sich einen Live-Screenshot an (Abbildung 3), so ist direkt zu erkennen, dass die Steuerung von Audio und Video direkt in der primären Ansicht verfügbar ist (Schalter unten links). Das bedeutet, dass die zugehörigen Komponenten und Services nicht durch Lazy-Loading später nachgeladen werden können, da es keine geschachtelte Route gibt, mit der ein entsprechendes Code-Splitting möglich gewesen wäre.",2024-04-03,125.39677429199219
91,index,de0df53930e2e1e582caf57f,69b40eabdf13a192b75f42ef,Angular 17: The Web Framework's Newest Release,Listing 6: Implementing the new lifecycle hooks,2024-03-22,125.26847076416016
92,index,64ace3828d8056484c3534ab,69b41040df13a192b75f64e9,Angular 16 released,"Mit Angular 15 wurde der Router um den CanMatch-Guard erweitert. Dieser Guard erlaubt es, einzelne Routen aus der Angular-Routen-Konfiguration für das Matching zu sperren, das bei jedem Routing-Vorgang stattfindet. Damit setzt der Guard früher im Routing-Prozess an als die alten CanLoad- und CanActivate-Guards. Das macht den Guard deutlich flexibler. Aus diesem Grund wird im Angular-CLI die Schematic für den CanLoad-Guard entfernt. Stattdessen ist der neue CanMatch-Guard zu verwenden.

Im Routing-Prozess ermöglichen es Resolver, parallel zu einem Routing-Vorgang Daten zu laden. Sie können in der Routen-Konfiguration ähnlich eingebunden werden wie die Guards und werden im Routing-Vorgang nach den Guards ausgeführt. Die bisher klassenbasierten Resolver und Guards werden nun standardmäßig als funktionale Resolver bzw. Guards generiert. Dies entspricht dem neuen Standard, den wir uns unten im Angular-Teil noch etwas genauer widmen werden. Das alte Verhalten der Angular Schematics steht bis auf weiteres noch zur Verfügung, dazu ist als zusätzlicher Schalter --no-functional anzugeben. Die klassenbasierte Implementierung ist als deprecated markiert, insofern sollten Entwickler:innen sich bereits jetzt mit dem Thema beschäftigen und ggf. umstellen.

Weiterhin wurden verschiedene Konfigurations-Parameter der angular.json entfernt, nachdem diese in vorherigen Versionen bereits deprecated wurden. Dies betrifft defaultProject, mit dem im Angular-CLI-Workspace das “Standardprojekt” konfiguriert werden konnte. ""Default"" hat in diesem Fall bedeutet, dass die CLI-Befehle (ng serve, ng test, …) im Standard für das Default-Projekt ausgeführt wurden, wenn dem nicht explizit ein anderer Projektname mitgegeben wurde. Dieses Verhalten ist aber mittlerweile nicht mehr Teil des Angular-CLI, stattdessen wird seit einigen Versionen einfach das Projekt als “Standard” gesetzt, in dessen Unterordner der jeweilige Befehl ausgeführt wird.

Auch die defaultCollection zur Einstellung der Collection, die beim Ausführen von Schematics-Befehlen (ng generate xyz) wurde entfernt. Stattdessen gibt es nun als Ersatz das Property schematicCollections, dem man ein Array verschiedener Schematic-Collection-Namen übergeben kann, siehe Listing 7.",2023-04-06,125.75594329833984
93,index,64ace3828d8056484c3534ab,69b41040df13a192b75f6502,Angular 16 released,"Angular-Tutorial und mehr

Für Angular-Entwickler:innen und alle die es werden wollen, empfehlen wir unsere sechsteilige Tutorialserie Angular für Einsteiger:innen.

Weitere Artikel, Serien und Kolumnen zu Angular finden Sie in unserer Übersicht zu Angular.",2023-04-06,125.56195831298828
94,index,64ace3828d8056484c3534ab,69b41041df13a192b75f6516,Angular 16 released,Insgesamt wirkt das Design bereits jetzt sehr vielversprechend und zukunftsweisend. Einzig die Frage nach der Einheitlichkeit der APIs in Anbetracht der RxJS Verwendung bleibt offen. Hier könnte sich aber auch ein sinnvolles Hybridkonzept etablieren. Aktuell sind Signals noch eine Preview-API und die weitere Entwicklung wird sicherlich auch vom Feedback der Community abhängen.,2023-04-06,125.44962310791016
95,index,64ace3828d8056484c3534ab,69b41040df13a192b75f64dd,Angular 16 released,"This JSON snippet configures the Angular compiler to emit partially compiled library artifacts by setting angularCompilerOptions.compilationMode to ""partial"". Placed in a TypeScript/Angular project configuration (e.g., tsconfig.json), it instructs the Angular build toolchain to produce intermediate (""partial"") compilation output instead of fully AOT‑compiled code. Key concepts include JSON-based compiler configuration, the angularCompilerOptions entry point, and the compilationMode flag. This mode is used when packaging Angular libraries so that certain Angular metadata and factory code are left in a form the consumer build can finalize. The snippet therefore affects how the Angular compiler emits distributable artifacts and influences downstream application builds that consume the library.

{
  // ...
  ""angularCompilerOptions"": {
    ""compilationMode"": ""partial""
  }
}",2023-04-06,125.41397857666016
96,index,64ace3828d8056484c3534ab,69b41040df13a192b75f64e7,Angular 16 released,"This JSON fragment shows a change in an Angular workspace configuration that replaces a single-string defaultCollection entry with a schematicCollections array. The original ""defaultCollection"": ""@angular/material"" sets a single default schematic collection for CLI schematic/generator commands. The new ""schematicCollections"": [""@angular/material""] expresses the same collection as an array, using JSON syntax to list one or more schematic collections. Key concepts: Angular CLI workspace configuration (angular.json), schematics/schematic collections, and JSON structure differences (string vs. array). Practically, it configures which schematic package the CLI should consult when running generate or add commands, and the array form allows enumerating multiple collections.

// Bisher
""defaultCollection"": ""@angular/material""

// Jetzt
""schematicCollections"": [""@angular/material""]",2023-04-06,125.40116882324219
97,index,64ace3828d8056484c3534ab,69b41040df13a192b75f64ee,Angular 16 released,"Ein sehr wichtiges Thema in diesem Release ist die Fähigkeit von Angular, die Browseranwendung auf der Serverseite dynamisch zu rendern (Server-side Rendering, SSR) und das Ergebnis an den Browser zu senden. Dadurch können die Seiteninhalte nach Übertragung an den Client direkt dargestellt werden, ohne den App-Start abwarten zu müssen. Dies ist vor allem interessant, wenn die initiale Ladezeit der Anwendung hohe Priorität hat oder die Anwendung im freien Internet verfügbar ist und SEO (Search Engine Optimization) für die App relevant ist. Bisher kam es allerdings immer, wenn nach dem initialen Page-Load die Angular-App geladen war, zu einem kurzen Flackern, da die gerade gestartete App einmal den kompletten DOM neu gezeichnet hat. Nun gibt es die Möglichkeit, diesen Prozess Non-Destructive, also ohne neu Aufbauen des DOM und dadurch ohne Flackern ablaufen zu lassen. Diese ""Non-Destructive Hydration” ist allerdings noch als Developer-Preview gekennzeichnet. Damit die neue Hydration funktioniert, muss erst einmal die Serverside-Rendering-Funktionalität zur App hinzugefügt werden (ng add @nguniversal/express-engine). Dann muss in den Providers des AppModule (oder der main.ts bei Standalone-Anwendungen) die Funktion provideClientHydration() hinzugefügt werden, analog zu Listing 16.",2023-04-06,125.31982421875
98,index,de0df53930e2e1e582caf57f,69b40eabdf13a192b75f42ee,Angular 17: The Web Framework's Newest Release,"This code declares two zero-argument functions in TypeScript (function signatures include a return type annotation "": undefined""). Both functions produce no meaningful value: demo1 contains no return statement so it falls off the end and yields undefined implicitly, while demo2 uses an explicit bare return; which also returns undefined. There are no parameters, body statements, or side effects in either function. Key concepts shown are function declaration syntax, explicit return type annotations, the distinction between implicit and explicit returns, and the use of the JavaScript/TypeScript undefined value. The annotations communicate the intended result to the type checker and to callers: both functions are typed to return undefined.

function demo1(): undefined {

// no returns

}

function demo2(): undefined {

return;

}",2024-03-22,125.26847076416016
99,index,de0df53930e2e1e582caf57f,69b40eabdf13a192b75f42ec,Angular 17: The Web Framework's Newest Release,"This TypeScript/JavaScript snippet defines a decorator factory, DemoMeta(key, value), which returns a decorator function that writes a metadata entry into the decorator-provided Context object (context.metadata[key] = value). The factory is applied both as a class decorator (@DemoMeta('entity','3270')) and a method decorator (@DemoMeta('demo','42')). The runtime stores metadata on the target under the well-known Symbol.metadata property, so metadata can be read back as DemoClass[Symbol.metadata].entity and DemoClass[Symbol.metadata].demo. Key concepts/API used: decorator factory (higher-order function returning a decorator), the decorator Context parameter, symbol-keyed property for metadata storage (Symbol.metadata), and reflection-style metadata retrieval. The code demonstrates attaching and reading simple string metadata on class/method targets.

function DemoMeta(key: string, value: string) {

return (_: any, context: Context) => {

context.metadata[key] = value;

};

}

  

@DemoMeta('entity', '3270')

class DemoClass {

@DemoMeta('demo', '42')

demoMethod() {}

}

  

DemoClass[Symbol.metadata].entity; // '3270'

DemoClass[Symbol.metadata].demo; // '42'",2024-03-22,125.26847076416016
100,index,de0df53930e2e1e582caf57f,69b40eabdf13a192b75f42eb,Angular 17: The Web Framework's Newest Release,"Listing 1: “undefined” and “void” were previously incompatible in TypeScript

This is now improved in TypeScript 5.1, so the above example no longer throws compiler errors. A function with ""undefined"" as the return type also no longer requires an explicit ""return"", similar to the ""demo1()"" function in Listing 2. Alternatively, an explicit but ""empty"" return can also be used, as in the ""demo2()"" function.",2024-03-22,125.26847076416016
101,index,de0df53930e2e1e582caf57f,69b40eabdf13a192b75f42ea,Angular 17: The Web Framework's Newest Release,Listing 2: No more return needed for the “undefined” return type,2024-03-22,125.26847076416016
102,index,de0df53930e2e1e582caf57f,69b40eabdf13a192b75f42e9,Angular 17: The Web Framework's Newest Release,Listing 3: Independent getter and setter types.,2024-03-22,125.26847076416016
103,index,de0df53930e2e1e582caf57f,69b40eabdf13a192b75f42e5,Angular 17: The Web Framework's Newest Release,"This TypeScript interface declares a typed property accessor pair named ""style"". It is a type-level contract (no implementation) that requires any implementer to expose a setter taking a string and a getter returning a CSSStyleDeclaration. Key concepts: interface for structural typing, property accessors (get/set) to define read/write behavior, and the DOM Web API type CSSStyleDeclaration which represents an element’s style object. Practically, this describes an object whose style can be assigned via a string (likely an inline CSS text) and read back as a programmatic CSSStyleDeclaration for manipulating individual CSS properties. It documents expected shape and types for consumers and implementers without providing runtime logic.

interface MyElementStyling {

set style(newValue: string);

get style(): CSSStyleDeclaration;

}",2024-03-22,125.26847076416016
104,index,de0df53930e2e1e582caf57f,69b40eabdf13a192b75f42e4,Angular 17: The Web Framework's Newest Release,"Listing 4: Set and read metadata in TypeScript

To better configure a decorator, you can implement a decorator factory. It will then return the actual decorator. This is shown in Listing 5 using the ""DemoMeta"" decorator factory, which receives the metadata key to be set and the associated metadata value as parameters and returns the configured decorator. The ""DemoMeta"" factory is used in Listing 5 to add the metadata entry ""'entity'"" with the value ""'3270'"" to the ""DemoClass"" class. The metadata entry ""'demo'"" with the value ""'42'"" is added to the ""demoMethod()"" method. Then, the class metadata is accessed again with ""Symbol.metadata"".",2024-03-22,125.26847076416016
105,index,de0df53930e2e1e582caf57f,69b40eacdf13a192b75f4324,Angular 17: The Web Framework's Newest Release,"Implicit “return“ when “undefined“ is returned

If a JavaScript function doesn’t contain a ""return"" statement, it still always implicitly has ""undefined"" as its return value. This fact wasn’t reflected in TypeScript yet. If ""undefined"" was specified as the return type for a function, a ""return"" statement always had to be used explicitly too. Additionally, a function that explicitly returned ""undefined"" wasn’t compatible with a ""void"" function. See Listing 1.",2024-03-22,125.26847076416016
106,index,de0df53930e2e1e582caf57f,69b40eacdf13a192b75f4322,Angular 17: The Web Framework's Newest Release,"This is a declarative UI template that implements a deferred (suspense-like) rendering pattern for asynchronous content. It displays <app-main-content/> when the condition isLoaded is true, and provides three named fallback blocks for other states: @loading shows a ""Loading..."" paragraph, @placeholder renders an <icon>pending</icon> placeholder, and @error emits a failure message. Key concepts include conditional rendering, asynchronous/deferred loading, progressive rendering with named fallback slots, and component composition via custom element tags. The syntax is a frontend templating directive style used in web UI frameworks (JavaScript/TypeScript), where @defer (when isLoaded) controls which block is rendered based on the load state.

@defer (when isLoaded) {

<app-main-content/>

} @loading {

<p>Loading...</p>

} @placeholder {

<icon>pending</icon>

} @error {

Failed to load

}",2024-03-22,125.26847076416016
107,index,de0df53930e2e1e582caf57f,69b40eacdf13a192b75f4321,Angular 17: The Web Framework's Newest Release,"This snippet is an HTML-like templating fragment that declares deferred rendering and fallback UI for a custom component. The @defer block schedules insertion of the <app-my-content/> component using an explicit timer (on timer(1500ms)), deferring its rendering by 1.5 seconds. The @loading block defines a fallback view (""...Loading..."") that appears only if the deferred work exceeds a short threshold (after 100ms) and is guaranteed to remain visible for at least 150ms. The @placeholder block provides an initial placeholder (""Placeholder"") with a minimum display duration of 100ms. Key concepts: declarative asynchronous rendering, progressive/fallback UI, timing controls for debounce and minimum show time, and component composition via a custom element. The syntax is a template directive style layered on HTML/web-component markup.

@defer (on timer(1500ms)) {

<app-my-content/>

}

@loading (after 100ms; minimum 150ms) {

<p>...Loading...</p>

}

@placeholder (minimum 100ms) {

Placeholder

}",2024-03-22,125.26847076416016
108,index,de0df53930e2e1e582caf57f,69b40eacdf13a192b75f431c,Angular 17: The Web Framework's Newest Release,"This snippet is an HTML/template fragment that defers rendering of a custom component until a specified DOM element becomes visible in the viewport. The @defer (on viewport(trigger)) block declares that <app-my-content/> should be instantiated or hydrated only when the element referenced by #trigger scrolls into view. The trailing <div #trigger style=""margin-top: 1500px"">Content</div> supplies the observation target and places it far down the page to delay activation. Conceptually this implements lazy-loading / on‑demand hydration to reduce initial work and improve performance. The pattern relies on a framework-level directive syntax and template reference variable (#trigger); such behavior is typically realized using the browser’s IntersectionObserver to detect viewport intersection and then mount the component.

@defer (on viewport(trigger)) {

<app-my-content/>

}

<div #trigger style=""margin-top: 1500px"">Content</div>",2024-03-22,125.26847076416016
109,index,de0df53930e2e1e582caf57f,69b40eabdf13a192b75f4311,Angular 17: The Web Framework's Newest Release,"The snippet shows a declarative “@defer” directive used to mark code blocks for delayed execution under two scheduling policies: ""on immediate"" and ""on idle"". Functionally, it expresses deferred/asynchronous work: the immediate block is scheduled to run as soon as the runtime allows, while the nested idle block is postponed until idle time. Key concepts visible are deferred execution, task scheduling and prioritization, nested scoping of deferred tasks, and coordination with an event loop or scheduler (e.g., immediate vs. idle callbacks). The syntax is annotation/DSL-like (an attribute or macro-style directive) rather than standard built-in syntax of a well-known language; it indicates a framework or preprocessing step that interprets @defer with policy parameters to manage asynchronous execution ordering.

@defer (on immediate) {

//...

@defer (on idle) {

//...",2024-03-22,125.26847076416016
110,index,de0df53930e2e1e582caf57f,69b40eabdf13a192b75f4308,Angular 17: The Web Framework's Newest Release,"This is a UI template snippet that renders a list or a fallback message. It iterates over a collection named items, emitting a paragraph for each item that shows the iteration index and the item’s name (""Element Nummer {{$index}}: {{item.name}}""). The loop includes a track clause (track item.id) to provide a stable identity/key for each entry, which is used by the renderer for efficient DOM diffing and keyed updates. An @empty block supplies a fallback (""No items"") when the collection is empty. Key concepts shown are template control-flow (loop and else/empty branch), mustache-style interpolation ({{ }}), use of an index variable ({{$index}}), and keyed rendering for performance. The snippet uses a mustache-like templating syntax common in UI frameworks.

@for (item of items; track item.id) {

<p>Element Nummer {{$index}}: {{item.name}}</p>

} @empty {

<p>No items</p>

}",2024-03-22,125.26847076416016
111,index,de0df53930e2e1e582caf57f,69b40eabdf13a192b75f4307,Angular 17: The Web Framework's Newest Release,"This snippet is a server-side template that conditionally emits HTML based on the value of a variable. It uses templating directives — @switch, @case, and @default — to define three branches: one that renders a div when value equals 1, another that renders a p when value equals 2, and a default span if no case matches. Key concepts: control-flow branching in templates, conditional rendering of HTML fragments, and use of directive-based template syntax. The form of the directives identifies it as Blade-style server-side templating (commonly used with PHP/Laravel), where the template engine evaluates the switch expression and includes only the matching block in the rendered output.

@switch (value) {

@case (1) {

<div>case one</div>

}

@case (2) {

<p>case two</p>

}

@default {

<span>Default-case</span>

}

}",2024-03-22,125.26847076416016
112,index,de0df53930e2e1e582caf57f,69b40eabdf13a192b75f4302,Angular 17: The Web Framework's Newest Release,"This TypeScript component class is marked with an @Component decorator, indicating it is registered as a UI component. It defines an instance property val initialized to 42 and uses the constructor to schedule two post-render callbacks via afterRender and afterNextRender. Each callback is provided as an arrow function that logs the component’s current val to the console. Key concepts include class-based component structure, decorator metadata, constructor initialization, and use of arrow functions to preserve lexical this when accessing instance state. The afterRender and afterNextRender calls represent lifecycle-scheduling APIs that run code after the component’s render cycle and after the next render cycle, respectively, enabling deferred post-render behavior.

@Component({})

export class DemoComponent {

val = 42;

constructor() {

afterRender(() => {

console.log('afterRender', this.val);

});

afterNextRender(() => {

console.log('afterNextRender', this.val);

});

}

}",2024-03-22,125.26847076416016
113,index,de0df53930e2e1e582caf57f,69b40eabdf13a192b75f4301,Angular 17: The Web Framework's Newest Release,"This snippet is an HTML-like templating example that declares deferred rendering of custom components based on user events. It uses a @defer directive to postpone inserting or activating <app-my-content/> and <app-my-display/> until specific triggers occur (e.g., ""on interaction(trigger)"" and ""on hover(trigger)""). Triggers are tied to DOM elements referenced by a template variable syntax (#trigger). A @placeholder block provides alternative markup (a trigger button) to render before the deferred content is activated. Key concepts illustrated: declarative lazy/deferred rendering, event-driven activation (interaction and hover), template reference variables for binding triggers to elements, and use of custom web components. The code reads as a markup-level API for progressive or on-demand loading of UI components.

@defer (on interaction(trigger)) {

<app-my-content/>

}

<button #trigger>Trigger</button>

  

@defer (on interaction) {

<app-my-content/>

} @placeholder {

<button>Trigger</button>

}

  

@defer (on hover(trigger)) {

<app-my-display/>

}

<button #trigger>Trigger</button>",2024-03-22,125.26847076416016
114,index,de0df53930e2e1e582caf57f,69b40eabdf13a192b75f42ff,Angular 17: The Web Framework's Newest Release,"This snippet is a server-side template conditional that renders one of three HTML fragments depending on boolean expressions. Using a Razor/Blade-style directive syntax (@if, @else if, @else) it evaluates the expression named show first; if true, it outputs the first <div>. If show is false and otherCond is true, it outputs the second <div>. If neither condition is true, it falls back to the final <div>. Key concepts include conditional branching in templates, server-side evaluation of boolean expressions, and inline mixing of template directives with raw HTML so only the selected branch is emitted in the rendered output. The syntax is characteristic of server-side templating engines that use @ directives (e.g., Razor or Blade-like templating).

@if (show) {

<div>case content 1</div>

} @else if (otherCond) {

<div>case content 2</div>

} @else {

<div>other content</div>

}",2024-03-22,125.26847076416016
115,index,de0df53930e2e1e582caf57f,69b40eabdf13a192b75f42fc,Angular 17: The Web Framework's Newest Release,"This snippet is JavaScript/TypeScript code that configures a client-side router by calling provideRouter with a routes collection and an additional behavior wrapper. The wrapper is produced by withViewTransitions and accepts an options object containing an onViewTransitionCreated callback. Conceptually it composes routing and view-transition behavior: the router will use the supplied routes and invoke the provided callback whenever a view transition is created. Key concepts: higher-order functions (provideRouter and withViewTransitions accept other functions/objects), configuration via an options object, and an arrow-function callback (transitionInfo => { }) to handle transition lifecycle events. It implies integration with a view transition facility (exposing transitionInfo) to customize or react to transitions at creation time.

provideRouter(

routes,

withViewTransitions({

onViewTransitionCreated: transitionInfo => {

}

})

),",2024-03-22,125.26847076416016
116,index,de0df53930e2e1e582caf57f,69b40eabdf13a192b75f42fb,Angular 17: The Web Framework's Newest Release,"This snippet is a Razor-style templating expression (C# embedded in HTML) that conditionally renders a span element. The @ token switches into C# code, and the if (show) { … } block evaluates the boolean variable show; when true, the markup inside the block (<span>Content here</span>) is emitted into the surrounding <div>. Key concepts include server/component-side templating, inline code-to-markup transition, and conditional rendering of HTML based on a scoped variable. No else branch is present, so nothing is emitted when show is false. This pattern is common in ASP.NET Razor views and component systems (e.g., Razor Pages or Blazor) to intermix C# logic with HTML output.

<div>@if (show) { <span>Content here</span> }</div>",2024-03-22,125.26847076416016
117,index,de0df53930e2e1e582caf57f,69b40eabdf13a192b75f42fa,Angular 17: The Web Framework's Newest Release,Listing 7: Activating the ViewTransitions in the AppModule or app.config,2024-03-22,125.26847076416016
118,index,de0df53930e2e1e582caf57f,69b40eabdf13a192b75f42f6,Angular 17: The Web Framework's Newest Release,"The figure contrasts three approaches to change detection within a hierarchical structure, likely representing a computational or data validation process. Each tree diagram consists of nodes labeled ""check,"" connected by edges illustrating dependency or flow. The leftmost tree depicts a scenario where most nodes are green, indicating successful or unchanged checks, except for one red node highlighting a single detected change. This suggests a selective propagation mechanism where only affected branches are re-evaluated, minimizing unnecessary checks and optimizing performance.

The middle tree shows a slightly different approach: fewer nodes are green, with only one red node and several gray nodes, implying skipped or deferred checks. This reflects a more conservative strategy, where changes trigger a partial cascade of invalidations, but some branches remain unchecked, possibly relying on assumptions or cached results. The rightmost tree illustrates a fully invalidated state, where most nodes are gray except one red node, signifying a broad invalidation triggered by a change, leading to a more extensive rechecking process.

Together, these diagrams emphasize trade-offs in change detection mechanisms — balancing between the granularity of updates and computational overhead. The selective validation in the first tree maximizes efficiency by isolating changes, while the broader invalidation in the last tree ensures correctness at the cost of more computation. This comparison highlights important design considerations for systems requiring incremental updates, such as reactive programming frameworks or data synchronization protocols.

Caption: Figure 2: Comparing change detection mechanisms",2024-03-22,125.26847076416016
119,index,de0df53930e2e1e582caf57f,69b40eabdf13a192b75f42f5,Angular 17: The Web Framework's Newest Release,"This TypeScript/JavaScript snippet demonstrates using class-element decorators to attach metadata for a class’s fields and methods. The setMetadata decorator receives the target and a Context object (typed via an interface) whose metadata map and element name are used to store the string ""Demo-Data"". The decorator is applied to a class field (demoAmount) and a method (demoAction), so both element names become keys in a metadata container placed on the class under Symbol.metadata. The code then reads MyClass[Symbol.metadata] and logs the resulting object as JSON, producing { ""demoAmount"": ""Demo-Data"", ""demoAction"": ""Demo-Data"" }. Key concepts: decorators, contextual metadata, Symbol-based metadata storage, class fields/methods, and JSON serialization.

interface Context {

name: string;

metadata: Record<PropertyKey, unknown>;

}

function setMetadata(_target: any, context: Context) {

context.metadata[context.name] = 'Demo-Data';

}

class MyClass {

@setMetadata

demoAmount = 123;

@setMetadata

demoAction() { }

}

  

const ourMetadata = MyClass[Symbol.metadata];

console.log(JSON.stringify(ourMetadata));

// { ""demoAmount"": ""Demo-Data"", ""demoAction"": ""Demo-Data"" }",2024-03-22,125.26847076416016
120,index,de0df53930e2e1e582caf57f,69b40eabdf13a192b75f42f4,Angular 17: The Web Framework's Newest Release,"This TypeScript snippet declares an ambient function onEvent whose signature expects a callback f: () => undefined and returns undefined. The call onEvent(function f() { }) triggers a compiler error: ""Argument of type '() => void' is not assignable to parameter of type '() => undefined'."" Key concepts: TypeScript function types and return-type compatibility, the difference between void and undefined, and ambient declarations using declare (no runtime implementation). The error arises because the passed anonymous function has an inferred return type of void (no explicit return), which is not considered assignable to a function type that must return undefined. This demonstrates TypeScript’s structural typing and strict return-type checking for callbacks.

declare function onEvent(f: () => undefined): undefined;

  

onEvent(function f() { })

// Argument of type '() => void' is not assignable to parameter of type '() => undefined'.",2024-03-22,125.26847076416016
121,index,de0df53930e2e1e582caf57f,69b40eabdf13a192b75f42f1,Angular 17: The Web Framework's Newest Release,"Independent getter and setter types

Previously, TypeScript get and set functions that belonged together (for example, if they had the same name) had to have compatible types. For a setter that can be given the type ""string|number|boolean"", previously you could only specify a subtype like ""string"" as the corresponding getter. In TypeScript 5.1, these types can be assigned completely independently, but they must be assigned explicitly. See Listing 3.",2024-03-22,125.26847076416016
122,index,8b35e3d0070110b78d6c9434,69b40711df13a192b75e8a88,"Angular: Signals, Standalone, SSR","Signals – Die neue Art des State Management

Mit der 16. Hauptversion von Angular wurden Signals in das Framework eingeführt. Es handelt sich um den neuen reaktiven Basisdatentyp [1]. Ein Signal ist ein Wrapper um einen bestimmten Wert. Wenn sich dieser ändert, informiert das Signal interessierte Konsumenten, sodass diese auf die Änderung reagieren können.",2024-06-10,125.16695404052734
123,index,04721391f3f7580f0631b9d3,69b40cd2df13a192b75f18a2,Angular 17: Neues Release des Web-Frameworks,"Wichtiger Unterschied hierbei: Die neue “@for-track”-Option ist nicht optional, sondern muss immer mit spezifiziert werden. Sie wird intern von Angular genutzt, um das Rendering der Liste zu optimieren, sodass die Liste nicht andauernd komplett neu gerendert werden muss, speziell wenn sich ggf. nur einzelne Listeneinträge innerhalb der Liste ändern. Dabei hilft auch ein komplett neuer Algorithmus zum List-Rendering, der durch die neue “@for”-Syntax ermöglicht wurde, und in Benchmarks eine deutliche Verbesserung der Performance gegenüber dem alten Algorithmus gezeigt hat.

Der Wert, der beim “track”-Ausdruck angegeben wird, muss identifizierend für den jeweiligen Collection-Eintrag sein. Falls z.B. über ein Array mit Objekten iteriert wird, sollte eine ID des jeweiligen Objektes genutzt werden, wie auch in Listing 11 dargestellt. Falls über ein Array von primitiven Werten iteriert wird, so kann auch einfach direkt der Wert selbst genutzt werden (“track item”).
Eine Neuerung, die wir von “*ngFor” bisher nicht kannten, ist, dass “@for” durch ein “@empty{}” erweitert werden kann. Der Template-Code innerhalb des “@empty”-Ausdruck wird immer dann angezeigt, wenn die übergebene Liste (hier “items”) keine Einträge hat, oder “null” bzw. “undefined” ist.

Innerhalb des “@for”-Ausdrucks können auch verschiedene implizite Variablen genutzt werden, etwa um sich wie in Listing 11 den momentanen Schleifeniterationsindex ausgeben zu lassen (per “$index”). Es ist auch möglich, auf die Länge der Schleife zuzugreifen (“$count”), zu überprüfen, ob der momentane Schleifenindex gerade (“$even”) oder ungerade (“$odd”) ist, oder ob es sich dabei um das erste (“$first”) oder letzte (“$last”) Schleifenelement handelt.",2024-04-03,125.0135498046875
124,index,04721391f3f7580f0631b9d3,69b40cd2df13a192b75f1889,Angular 17: Neues Release des Web-Frameworks,"This snippet is an Angular template loop that iterates over a collection called items and renders a paragraph for each element. It uses a structural @for directive with an iteration variable item and a tracking expression (track item.id) to preserve DOM nodes based on item identity. Inside the loop it outputs the current zero‑based index ($index) and item.name via interpolation ({{ }}). An @empty block provides a fallback paragraph when items is empty. Key concepts: template structural directives for iteration, interpolation binding, a track/tracking expression to optimize DOM reuse and change detection, and a conditional empty branch. The code is written in an Angular template (frontend UI templating).

@for (item of items; track item.id) {
  <p>Element Nummer {{$index}}: {{item.name}}</p>
} @empty {
  <p>No items</p>
}",2024-04-03,124.95922088623047
125,index,04721391f3f7580f0631b9d3,69b40cd2df13a192b75f189b,Angular 17: Neues Release des Web-Frameworks,"The interface represents a sophisticated real-time Angular application tailored for a training or educational environment focused on Angular and TypeScript. Central to the screen is a presentation slide detailing ""Transitive Abhängigkeiten"" (transitive dependencies), a concept critical in software development where dependencies themselves have dependencies, sometimes in different versions. The slide visually maps out these dependencies using color-coded blocks, with a red block labeled ""MyLib"" at the top, and multiple green blocks beneath representing various libraries such as ""invoice,"" ""lumia,"" ""moment,"" ""underscore,"" ""backbone,"" ""jquery-ui,"" and ""jquery."" This hierarchical view helps clarify the complexity of managing dependencies in large projects.

The left sidebar serves as a navigation menu, offering various sections like introduction, group view, presentation, trainer demo, videos, exercises, handouts, and chat, indicating a comprehensive learning platform. Status indicators at the bottom confirm the connection status and server details, reflecting the application's real-time communication capabilities.

On the right side, multiple video thumbnails suggest an active video conferencing feature, allowing interaction between the trainer and participants. The interface also includes controls for fullscreen mode and toggling audio and video, enhancing the interactive and immersive experience. Overall, this application demonstrates a complex integration of presentation, real-time communication, and user management, highlighting Angular's capacity to build dynamic, collaborative learning tools.

Caption: Abbildung 3: Komplexe Angular-Echtzeitanwendung",2024-04-03,124.93718719482422
126,index,04721391f3f7580f0631b9d3,69b40cd2df13a192b75f18a3,Angular 17: Neues Release des Web-Frameworks,"This snippet is an Angular template-level construct that defers rendering of a component until an asynchronous condition is met. Using a @defer expression with a ""when isLoaded"" predicate, it delays insertion of the <app-main-content/> component until isLoaded is truthy. The block includes named fallback sections: @loading renders a short loading message while the primary content is pending, @placeholder provides an inline placeholder icon, and @error displays a failure message if the deferred content fails to resolve. Key concepts are declarative asynchronous rendering, conditional/suspense-style rendering, template-level fallbacks and error boundaries, and use of custom component elements. The syntax resembles a structural directive in Angular templates for managing streamed or lazy content.

@defer (when isLoaded) {
  <app-main-content/>
} @loading {
  <p>Loading...</p>
} @placeholder {
  <icon>pending</icon>
} @error {
  Failed to load
}",2024-04-03,124.93577575683594
127,index,eba6f5d083b14f4d8d53d87a,69b407b3df13a192b75e9b24,"Was ist neu in Angular 16? Signals, Hydration, esbuild und mehr","Zusammenfassung

Mit Version 16 setzt das Angular-Team seine Bestrebungen fort, das Framework moderner und gleichzeitig leichtgewichtiger zu machen. Signals läuten eine neue Ära der zielgerichteten Change Detection ein und mit Non-destructive Hydration macht Angular den ersten Schritt hin zu modernen Hydration-Szenarien, die gerade für öffentliche Weblösungen wichtig sind.

Die Unterstützung für verpflichtende Inputs, das Binden von Routingparametern sowie die neue  DestroyRef  bringen außerdem Komfort für die Entwicklung. Daneben erlaubt das CLI nun das Erzeugen von Anwendungen, die auf Standalone Components basieren, und der noch experimentelle esbuild-basierte Builder beschleunigt das Bauen von Angular-Anwendungen erheblich.",2023-06-13,125.21588134765625
128,index,eba6f5d083b14f4d8d53d87a,69b407b2df13a192b75e9af2,"Was ist neu in Angular 16? Signals, Hydration, esbuild und mehr","Mit Angular 16 kommen gleich zwei große Neuerungen: Signals und Non-destructive Hydration. Außerdem gibt es zahlreiche Abrundungen, die das Arbeiten mit dem Framework vereinfachen.

In diesem Artikel gehe ich anhand von Beispielen auf die wichtigsten Neuerungen ein. Den Quellcode findet man im Branch  ng16-features  auf GitHub [1].",2023-06-13,125.16848754882812
129,index,64ace3828d8056484c3534ab,69b41040df13a192b75f64ed,Angular 16 released,"TypeScript und Angular 16

Angular legt auch mit diesem Release ein Augenmerk darauf, seine eigenen Abhängigkeiten aktuell zu halten. So muss mit Angular 16 TypeScript in Version 4.9 oder 5.0 vorliegen. Daher schauen wir uns die wichtigsten Neuerungen in TypeScript 4.9 hier zunächst an. Die weiteren Neuerungen von TypeScript 5 können in folgenden Artikel nachgelesen werden: TypeScript 5: Neuerungen und Breaking Changes.

Auch mit TypeScript 4.9 kamen einige Neuerungen: So gibt es etwa Verbesserungen bei der Build-Performance oder beim File-Watching durch den Dev-Server. Außerdem wurde ein “Auto-Accessor”-Keyword eingeführt (Verwendungsbeispiel: public accessor name: string;), das automatisch sowohl einen set- als auch einen get-Accessor für das Property name erzeugt. Es wurde auch ein Compiler-Hinweis eingefügt, der einen Fehler ausgibt, sobald ein Vergleich mit NaN ausgeführt wird, da diese Vergleiche eigentlich immer ein Fehler sind (NaN !== x ist immer true, selbst wenn x=NaN, während NaN === x immer false zurück liefert). Stattdessen sollte die Funktion Number.isNaN(someValue) verwendet werden.

Es wurde auch ein neuer, hilfreicher Operator eingeführt: Der satisfies-Operator, der Typ-Überprüfungen etwas flexibler macht. Zum Beispiel soll ein Objekt erzeugt werden, das der Datenstruktur Campaign aus Listing 1 entspricht. Dank des strukturellen Typ-Systems von TypeScript kann dazu ein einfaches Objekt oldCampaign konstruiert werden, das dieser Struktur entspricht, siehe ebenfalls Listing 1. Bei diesem Objekt hat sich allerdings ein Fehler eingeschlichen. Das Property enddate hat einen Tippfehler: das “D” von date müsste groß geschrieben werden. Dieser Fehler fällt aber erst in der weiteren Verwendung oder im Zweifel erst zur Laufzeit auf. Um solche Fehler zu vermeiden, kann der Typ in die Variablen-Definition mit aufgenommen werden, siehe Listing 2. Dadurch gehen allerdings Kontext-Informationen über die konkret verwendeten Typen verloren: Ein direkter Zugriff auf zum Beispiel die getFullYear()-Methode des Date ist nicht mehr möglich, da das endDate in Campaign auch vom Typ string oder number sein könnte, die diese Methode nicht haben. Die Typenangabe durch das Interface “überschreibt” sozusagen die Information, dass das endDate in diesem Fall ein echtes Date-Objekt ist. Der satisfies-Operator in TypeScript 4.9 ermöglicht es nun, zu überprüfen, ob oldCampaign den Typen Campaign einhält, ohne dabei aber die spezifischen Kontext-Informationen zu überschreiben, siehe Listing 3. Somit werden (Tipp)Fehler weiterhin durch TypeScript entdeckt, aber der Zugriff auf die getFullYear()-Methode ist ohne weiteres erlaubt. Wichtig zu wissen bei der Verwendung des “satisfies”-Operators ist, dass die Typen-Überprüfung exakt ist, der Operator lässt also auch keine zusätzlichen Properties zu. Ein weiteres Property description würde in unserem Fall also einen Fehler werfen, da dieses Property nicht in der Campaign vorkommt",2023-04-06,125.15325164794922
130,index,64ace3828d8056484c3534ab,69b41040df13a192b75f64f3,Angular 16 released,"This snippet registers a client-side hydration provider by adding provideClientHydration() to the Angular dependency-injection providers array. Placing this in an NgModule’s providers or passing it during application bootstrap for standalone apps configures non‑destructive hydration: the runtime will attach client behavior to an existing server-rendered DOM rather than replacing it. Key concepts shown are the Angular DI providers array and a provider factory function (provideClientHydration) used to opt-in to client hydration logic. The code is TypeScript targeting the Angular framework and leverages Angular’s bootstrapping/NgModule configuration and dependency-injection mechanisms to enable progressive enhancement of server-rendered pages.

providers: [provideClientHydration()]",2023-04-06,125.10089111328125
131,index,64ace3828d8056484c3534ab,69b41040df13a192b75f64e8,Angular 16 released,"This TypeScript snippet defines an Angular component class that exposes three input properties for parent-to-child data binding. The @Component decorator supplies minimal metadata (an empty inline template), while the @Input decorators mark language, demoResolved, and demoData as public bindable properties. Each property is typed as an optional string (the ? indicates the property may be undefined), enabling parent components to pass values using Angular property binding syntax (for example, [language]=""...""). The code demonstrates key Angular/TypeScript concepts: component declaration via decorators, class-based components, decorator-driven input bindings, and static type annotations for safer code. No lifecycle hooks or methods are present; the component solely serves as a data receiver.

@Component({ template: '' })
export class DemoComponent {
  @Input() language?: string;
  @Input() demoResolved?: string;
  @Input() demoData?: string;
}",2023-04-06,124.98258209228516
132,index,64ace3828d8056484c3534ab,69b41040df13a192b75f6510,Angular 16 released,"Dem Router wurde in Version 16 noch ein weiteres und sehr angenehmes Feature hinzugefügt, das viel Boilerplate auf einfache Art und Weise überflüssig machen kann. Denn es ist nun möglich, Daten aus dem Routing-Vorgang direkt an Komponenten-Inputs zu binden. Dabei können Daten sowohl dynamisch per Resolver geladene Daten, als auch Daten aus den Query-Parameter an die Komponente gebunden werden. Um dies zu veranschaulichen, ist in Listing 12 eine Komponente gezeigt, die mit der Routen-Konfiguration aus Listing 13 eingebunden ist. In dieser Routen-Konfiguration ist für die Route demo zum einen ein statisches Datenobjekt mit dem Property demoData hinterlegt, zum anderen ein Resolver-Objekt mit Property demoResolved hinterlegt. Der Resolver ist hier zwar synchron, könnte aber genauso ein asynchrones Observable oder Promise zurückliefern, da dies vom Router aufgelöst würde. Dabei ist es hier explizit kein Zufall, dass die Properties in der Routen-Definition genau gleich heißen, wie die @Input-Properties in der Komponente. Das ist tatsächlich eine Voraussetzung dafür, dass die entsprechenden Eigenschaften aufeinander abgebildet werden können. Das Feature kann aktiviert werden, indem beim Aufruf von provideRouter() die Funktion _withComponentInputBinding()- mitgegeben wird, siehe unten in Listing 13. Falls noch nicht die neue Syntax zum Erzeugen des Routers verwendet wird, sondern das RouterModule, kann im RouterModule.forRoot() das Flag bindToComponentInputs: true gesetzt werden.

In Listing 14 ist beispielhaft gezeigt, welche Werte die Komponenten-Inputs annehmen, wenn in der Anwendung die Route /demo?language=french aufgerufen wird. Wichtig ist hierbei anzumerken, dass sogar die Query-Parameter (und die der Route zugeordneten Matrix-Parameter) über diesen Mechanismus gebunden werden können, was das Leben der Entwickler:innen an diesen Stellen erheblich vereinfachen dürfte. Die zu bindenden Query-Parameter müssen dann wieder genauso heißen, wie die zu bindende Input-Variable. Falls es zu Namenskollisionen zwischen den einzelnen Datenquellen kommt, so haben die Daten aus dem Resolver die höchste Priorität. Danach werden die statischen Daten aus der Routenkonfiguration herangezogen, dann folgen die Matrixparameter. Nur wenn das Property in keiner dieser Quellen gefunden wird, werden die Daten aus den Query-Params extrahiert.",2023-04-06,124.94668579101562
133,index,64ace3828d8056484c3534ab,69b41040df13a192b75f64f8,Angular 16 released,"Mehr zum Thema Angular



The image features the iconic logo associated with Angular, a popular open-source web application framework maintained by Google. The design centers on a stylized shield emblem, predominantly red, with a bold white letter ""A"" in the middle, symbolizing Angular. The background is a dark gray rounded square, giving the logo a modern and polished appearance. The use of flat design with subtle shading adds depth without complicating the visual simplicity.

Angular itself is significant in the realm of front-end development, enabling developers to build dynamic, single-page web applications with a robust MVC (Model-View-Controller) architecture. It leverages TypeScript, which enhances JavaScript by adding static typing and advanced tooling capabilities. This framework excels in creating scalable and maintainable applications through features like two-way data binding, dependency injection, and a modular component-based structure.

This logo is widely recognized in technical communities as a symbol of modern client-side application development. It encapsulates Angular's emphasis on performance, developer productivity, and maintainability. For anyone working in web development, spotting this emblem indicates a focus on cutting-edge tools designed to streamline complex UI interactions and foster efficient coding practices. The logo’s simplicity and boldness reflect Angular’s commitment to powerful yet accessible technology solutions.

Caption: © gdainti/Shutterstock.com",2023-04-06,124.94627380371094
134,index,04721391f3f7580f0631b9d3,69b40cd2df13a192b75f18bd,Angular 17: Neues Release des Web-Frameworks,"Decorator Metadaten

Ein Decorator ist in TypeScript eine Funktion, die eine Klasse, ein Property oder auch eine Methode übergeben bekommt, um das Verhalten der jeweils übergebenen Entität zu erweitern. Mit TypeScript 5.2 kommt ein speziell für das Angular-Framework spannendes Feature hinzu: Die Möglichkeit, Metadaten zu einem Decorator hinzuzufügen. Mit den ursprünglich von Angular verwendeten “Experimental Decorators” gab es dieses Feature bereits, nun ist es auch in der stabilen TypeScript-Spezifikation angekommen. In Listing 4 wird beispielsweise der Decorator “setMetadata” definiert. Ein Decorator ist eine Funktion, der zum einen die dekorierte Entität als “target” übergeben wird, zum einen in dazugehöriger “context”. Diesem Kontext-Objekt wurde mit TypeScript 5.2 das “metadata”-Property hinzugefügt.

Die Metadaten können als Key-Value-Store verstanden werden, der entsprechende TypeScript-Typ wird “Record” genannt. Der Metadaten-Key ist der Name der dekorierten Entität, in Listing 4 ist zum Beispiel das Property “demoAmount” dekoriert, und wird so zu einem Metadaten-Key. In Listing 4 wird gezeigt, wie Metadaten per Zugriff auf “context.metadata” geschrieben werden können. Der Name der dekorierten Entität ist in “context.name” enthalten. In Listing 4 wird einfach für jedes mit “@setMetadata” dekorierte Property der String “Demo-Daten” in den Metadaten hinterlegt.

Die hinterlegten Metadaten können durch das spezielle TypeScript-Metadaten-Symbol (“Symbol.metadata”) aus der Klasse ausgelesen werden.",2024-04-03,124.76382446289062
135,index,04721391f3f7580f0631b9d3,69b40cd2df13a192b75f188b,Angular 17: Neues Release des Web-Frameworks,"This is an Angular template snippet that conditionally renders a span element based on a component property. The *ngIf structural directive evaluates the expression show; when truthy the <span> and its content are created in the DOM, and when falsy they are removed. Key concepts illustrated are declarative template binding, structural directives (the * shorthand), and Angular’s change detection which reevaluates the expression and updates the DOM automatically. The construct is part of Angular’s template syntax (HTML combined with framework directives) and relies on the framework’s runtime to insert or destroy embedded views (desugared to an <ng-template> behind the scenes) rather than simply hiding the element with CSS.

<div><span *ngIf=""show"">Content here</span></div>",2024-04-03,124.48368835449219
136,index,04721391f3f7580f0631b9d3,69b40cd2df13a192b75f1892,Angular 17: Neues Release des Web-Frameworks,"This is an Angular template fragment that conditionally renders markup using a control‑flow directive. The snippet shows an @if block inside an HTML element: when the template expression show evaluates truthy, the <span>Content here</span> node is created in the DOM; when falsey, that span is omitted. It uses Angular’s declarative template syntax (an @if control‑flow construct) rather than manipulating the DOM imperatively. Key concepts include declarative conditional rendering, template expressions, and compile‑time template processing by the framework’s template engine. The code is not plain HTML/JavaScript: the @if token and block braces are interpreted by Angular’s template compiler to produce or skip DOM children based on the runtime value of show.

<div>@if (show) { <span>Content here</span> }</div>",2024-04-03,124.42534637451172
137,index,04721391f3f7580f0631b9d3,69b40cd2df13a192b75f1880,Angular 17: Neues Release des Web-Frameworks,"This snippet is a template-level conditional rendering construct for an Angular component: it evaluates boolean expressions in the component context and renders one of three mutually exclusive DOM fragments. The @if/@else if/@else chain checks `show` first, then `otherCond`, and falls back to the final `@else` block if neither condition is true. Key concepts: template control flow, conditional rendering, and scoped expression evaluation (the conditions reference component properties or methods). Functionally it inserts the corresponding <div> into the DOM and omits the others, enabling branch-specific markup without manual DOM manipulation. It replaces traditional structural directives like *ngIf with a more concise, template-level conditional syntax.

@if (show) {
  <div>Inhalt Fall 1</div>
} @else if (otherCond) {
  <div>Inhalt Fall 2</div>
} @else {
  <div>sonstiger Inhalt</div>
}",2024-04-03,124.37052917480469
138,index,04721391f3f7580f0631b9d3,69b40cd2df13a192b75f1882,Angular 17: Neues Release des Web-Frameworks,"This code is an Angular component template snippet that conditionally renders different DOM fragments based on a single expression, value. It uses a declarative switch-case control flow with @switch, @case and @default blocks: when value equals 1 it renders a <div> (""Fall Eins""), when value equals 2 it renders a <p> (""Fall Zwei""), and for any other value it renders a <span> (""Default‑Fall""). Key concepts are template control-flow and conditional rendering in component templates, achieved via structural directives (@switch/@case/@default) rather than imperative logic. The snippet belongs to Angular’s template syntax (used alongside TypeScript components) and demonstrates concise branching inside a template to output different markup depending on runtime state.

@switch (value) {
  @case (1) {
	<div>Fall Eins</div>
  }
  @case (2) {
	<p>Fall Zwei</p>
  }
  @default {
	<span>Default-Fall</span>
  }
}",2024-04-03,124.31893157958984
139,index,eba6f5d083b14f4d8d53d87a,69b407b3df13a192b75e9b00,"Was ist neu in Angular 16? Signals, Hydration, esbuild und mehr","Die Funktion  toObservable  überführt die Signals  from  und  to  in entsprechende Observables. Das ermöglicht die Nutzung von RxJS-basierten Operatoren, wie  combineLatest,  debounceTime  und  switchMap. Das Ergebnis ist ein Observable, das Arrays mit  Flight-Objekten liefert. Die Funktion  toSignal  erzeugt ein darauf basierendes Signal.

Da ein Signal im Gegensatz zu einem Observable immer einen Wert aufweist, legt das Beispiel einen Initialwert fest. Stattdessen könnte der Aufrufer der Funktion  toSignal  auch versichern, dass das Observable synchron einen Initialwert veröffentlicht. Dazu ist die Eigenschaft  requireSync  auf  true  zu setzen:",2023-06-13,124.57239532470703
140,index,eba6f5d083b14f4d8d53d87a,69b407b2df13a192b75e9af9,"Was ist neu in Angular 16? Signals, Hydration, esbuild und mehr","This single-line TypeScript/JavaScript statement converts a reactive stream (this.flights$) into a signal-like reactive value and assigns it to flights. It uses an interop helper function toSignal that bridges an observable/stream API to the signal abstraction, enabling consumers to read and react to the latest value via signal semantics (pull-based reactive reads and automatic updates). The options object { requireSync: true } expresses that a synchronous value is required during the conversion/initialization phase. Key concepts shown are reactive programming, signals versus observable streams, state bridging/interop, and use of an options-based API to control initialization behavior. The code is concise and intended for front-end reactive state management.

flights = toSignal(this.flights$, { requireSync: true });",2023-06-13,124.27618408203125
141,index,eba6f5d083b14f4d8d53d87a,69b407b3df13a192b75e9b08,"Was ist neu in Angular 16? Signals, Hydration, esbuild und mehr","The diagram illustrates the interaction between a signal acting as a producer and a consumer in a signaling system. The signal holds a value, represented here by the number 4712, which can be updated externally through a ""set"" operation. This update mechanism allows the producer to modify the internal state of the signal. On the consumer side, there are two key operations: ""read"" and ""notify."" The ""read"" operation enables the consumer to retrieve the current value held by the signal, reflecting the latest state set by the producer. Meanwhile, the ""notify"" operation suggests a communication mechanism where the signal informs the consumer about changes or updates, enabling reactive behavior. This bidirectional interaction highlights a common pattern in reactive programming or dataflow architectures, where the producer maintains state and actively informs consumers of changes, while consumers can query the current state as needed. The abstraction emphasizes decoupling between producer and consumer, facilitating asynchronous updates and efficient state propagation without tight coupling. This model is fundamental in designing systems that require synchronized state updates and event-driven responses, ensuring consistency and responsiveness across components.

Caption: Abb. 1: Signals",2023-06-13,124.23843383789062
142,index,64ace3828d8056484c3534ab,69b41040df13a192b75f64f6,Angular 16 released,"This single-line HTML snippet places an ngCspNonce attribute on the application root element to supply a Content Security Policy (CSP) nonce value for the client application. In practice, the attribute is consumed by the web framework (Angular) to tag framework-generated inline resources (styles/scripts) with a matching nonce so they are allowed by a server‑issued CSP header. Key concepts shown are CSP nonce-based whitelisting, root component bootstrapping via a custom element (<app-root>), and the use of a nonstandard host attribute (ngCspNonce) to convey security metadata from index.html into the framework. The code is HTML used with an Angular application; the attribute provides a static nonce string (""XYZ"") at page load.

<app-root ngCspNonce=""XYZ""></app-root>",2023-04-06,124.78929901123047
143,index,64ace3828d8056484c3534ab,69b41040df13a192b75f64ea,Angular 16 released,"This TypeScript snippet defines an Angular router configuration: a single route for path 'demo' that renders DemoComponent. The route’s canActivate property is built by concatenating two sources of guards — mapToCanActivate([DemoClassGuard]) and demoFuncGuard — producing the final array of guard handlers the router must run before activating the route. It illustrates mixing class-based guards (passed as class references) with function-style guards and combining them into one canActivate list using JavaScript's concat. Key concepts: Angular routing (Routes array), route guards (canActivate), composition of guards, and use of TypeScript/JavaScript array operations. Guards typically return boolean/UrlTree or asynchronous equivalents (Promise/Observable) to allow or block navigation.

const routes: Routes = [
  {
	path: 'demo',
	canActivate: mapToCanActivate([DemoClassGuard])
                    .concat(demoFuncGuard),
	component: DemoComponent
  }
];",2023-04-06,124.74192810058594
144,index,64ace3828d8056484c3534ab,69b41040df13a192b75f64ec,Angular 16 released,"This TypeScript snippet configures a single Angular route and registers the router at application bootstrap. It defines a routes array with a ""demo"" path mapped to DemoComponent, attaches static route-specific metadata via the data property, and supplies a resolve entry that produces a precomputed value for the route. The call provideRouter(routes, withComponentInputBinding()) registers the router providers with Angular’s dependency injection and enables automatic binding of route values to component inputs via withComponentInputBinding. Key concepts and APIs shown: route configuration (path, component), static route data, resolve-driven prefetching of values, DI-based router registration (provideRouter), and component input binding. The code uses TypeScript within the Angular framework.

const routes = [{
  path: 'demo', 
  component: DemoComponent,
  data: {'demoData': 'My static data'},
  resolve: {'demoResolved': () => 'My resolved data'},
}];

// inside AppModule/app-config
provideRouter(routes, withComponentInputBinding())",2023-04-06,124.6964111328125
145,index,64ace3828d8056484c3534ab,69b41040df13a192b75f64e3,Angular 16 released,"This TypeScript snippet defines an Angular component class that acquires a dependency via the standalone inject() DI helper rather than a constructor parameter. The readonly demoService property is assigned the result of inject(DemoService, { optional: true, host: true }). That instructs Angular’s dependency injection system to resolve the DemoService token for this component, but to return no value (null/undefined) instead of throwing if the provider is absent (optional: true), and to constrain the search to the component’s host injector boundary (host: true). Key concepts and APIs shown are Angular’s @Component decorator, the inject() runtime DI accessor, provider token usage (DemoService), and resolution flags (optional, host) in a TypeScript class.

@Component({})
class DemoComponent {
  readonly demoService = inject(DemoService, {
    optional: true,
    host: true
  });
}",2023-04-06,124.20366668701172
146,index,8b35e3d0070110b78d6c9434,69b40711df13a192b75e8a90,"Angular: Signals, Standalone, SSR","NgRx Signals: State Management auf Signal-Basis

Auch das Angular-Ökosystem hat in der Zwischenzeit nachgezogen: Das State-Management-Framework NgRx gibt es nun auch in einer auf Signals basierenden Variante, die sich im Paket @ngrx/signals befindet. Das Paket kann den globalen Store, lokalen Component Store sowie den Entity Adapter ersetzen. Ebenso werden Interop-Funktionen zur Integration von Signal-Stores mit RxJS zur Verfügung gestellt.",2024-06-10,124.17457580566406
147,index,8b35e3d0070110b78d6c9434,69b40711df13a192b75e8a79,"Angular: Signals, Standalone, SSR","Signal-basierte Komponenten

Mit den Nebenversionen von Angular 17 wurde schrittweise die Unterstützung für Signal-basierte Komponenten hinzugefügt. Bei diesem Unterfangen werden die traditionellen Input- und Output-Felder, die bislang durch einen gleichnamigen TypeScript-Dekorator ausgezeichnet waren, durch Signals ersetzt [2]:

So wurde mit Angular 17.1 die Methode input() hinzugefügt. Über diese Methode werden künftig Input-Felder deklariert, im Gegensatz zum @Input()-Dekorator. Das Feld enthält danach ein lesbares Signal.
Mit Angular 17.2 wurde die Methode model() hinzugefügt, mit der sich Two-way Bindings definieren lassen. Das Feld enthält danach ein schreibbares Signal. Hierfür war in Angular bisher ein Input-Feld mit um Change ergänzten Output-Feld erforderlich, für das Input ngModel also das Output ngModelChange.
Mit Angular 17.3 kam schließlich die Methode output() hinzu, die die klassischen auf dem EventEmitter basierenden Outputs ersetzt. Wie gehabt werden Ereignisse nach außen durch den Aufruf der Methode emit() ausgelöst.

Für input() und model(), bei denen ein Initialwert angegeben werden muss, gibt es jeweils noch eine required()-Methode auf den jeweiligen Funktionen. Bei dieser entfällt die Angabe des Initialwerts und Angular stellt mit Hilfe des Template-Compilers sicher, dass Entwickler:innen im Template einen Initialwert angeben. Vergleichbar zur signal()-Methode kann bei allen hier vorgestellten Methoden per generischem Typparameter angegeben werden, mit welchen Typen zur Laufzeit gearbeitet wird. Eine Übersicht der Verwendung der verschiedenen Methoden zeigt Listing 1.",2024-06-10,123.75536346435547
148,index,8b35e3d0070110b78d6c9434,69b40711df13a192b75e8a78,"Angular: Signals, Standalone, SSR","Signals und RxJS

Signals verhalten sich also ähnlich wie BehaviorSubjects und allgemein Observables aus RxJS – dennoch ist die Signals-Schnittstelle deutlich vereinfacht, denn unter anderem gibt es keine Operatoren. Das soll den Einstieg in Angular vereinfachen: Neue Entwickler:innen sollen neben den Frameworkkonzepten nicht auch gleich noch die Spezifika einer so umfangreichen Bibliothek wie RxJS lernen müssen.

Umgekehrt können Signals aber nicht den kompletten Funktionsumfang abdecken, den RxJS bietet: So muss jedes Signal immer zwingend mit einem Wert vorbelegt sein. Bei Observables könnte dieser auch erst nachträglich (asynchron) emittiert werden. Komplexe Konstrukte, die sich bei RxJS hinter einem einfachen Operator verbergen wie debounceTime, also zum Ignorieren von Änderungen während eines bestimmten Zeitraums etwa für Type-ahead-Komponenten, lassen sich mit Signals nicht so einfach abdecken.

Signals sind interoperabel. Ein Observable lässt sich über die Funktion toSignal() in ein Signal verwandeln. Dabei wird undefined als Initialwert gewählt, wobei auch ein anderer Wert angegeben werden kann. Ein Signal lässt sich über die Methode toObservable() in ein Observable konvertieren:",2024-06-10,123.74807739257812
149,index,8b35e3d0070110b78d6c9434,69b40711df13a192b75e8a7d,"Angular: Signals, Standalone, SSR","An Signals führt kein Weg vorbei

Zusammenfassend lässt sich sagen, dass ab sofort für sämtliche Bindings an die Oberfläche nur noch Signals verwendet werden sollten. Sie sind nicht nur einfacher zu verwenden, sondern können die Performance von Angular-Anwendungen in Zukunft steigern. Wo Signals ausreichen, sollten nur diese verwendet werden – wo die Power von RxJS benötigt wird, können beide Ansätze gemischt werden.

Das geht auch schrittweise nur für neue Komponenten, da Signals interoperabel verwendet werden können. Wenn es die Zeit im Projekt zulässt, sollten auch ältere Komponenten migriert werden. Dabei ist zumindest derzeit keine Eile geboten: RxJS und die übrigen traditionellen Wege in Angular werden in absehbarer Zeit nicht verschwinden, zumal manche Signal-APIs noch in der Entwicklervorschau sind. Die Migration auf Signals dürfte in den allermeisten Fällen ein manueller Aufwand sein. Es gibt im Angular-Repository zumindest ein Ticket zur Einführung eines Migration Schematic, das diese Aufgabe automatisiert übernehmen könnte [4]. Eventuell können auch Generative-AI-Tools wie GitHub Copilot bei der Umstellung assistieren.",2024-06-10,123.54373168945312
150,index,04721391f3f7580f0631b9d3,69b40cd2df13a192b75f18a6,Angular 17: Neues Release des Web-Frameworks,"Neben diesen eher statischen Angaben kann auch auf dynamische Nutzer-Interaktionen reagiert werden, dazu gibt es die “on interaction”-Bedingungen. Um auf eine Interaktion reagieren zu können, muss natürlich ein Element angegeben werden, mit dem der Nutzer interagieren soll. Im oberen Beispiel von Listing 15 ist zu sehen, dass dafür entweder ein externes Element, z.B. ein Button, per Template-Referenz-Variable an die “interaction”-Bedingung übergeben werden kann. Alternativ kann diese explizite Zuweisung weggelassen werden, dann muss aber ein “@placeholder” spezifiziert werden, denn der Placeholder-Inhalt dient dann als Interaktionselement. Das ist in Listing 15 in der Mitte zu sehen.",2024-04-03,123.72428131103516
151,index,04721391f3f7580f0631b9d3,69b40cd2df13a192b75f188a,Angular 17: Neues Release des Web-Frameworks,"Zu guter Letzt kann ein Defer-Block auch durch einen zeitlichen Trigger nachgeladen werden. Diesem Trigger muss die gewünschte Dauer mitgegeben werden, nach der die Komponente geladen werden soll. In Listing 17 wird beispielsweise angegeben, dass der Defer-Block nach 1,5 Sekunden anfangen soll, die Komponente ““ zu laden.

Unabhängig von der verwendeten “on”-Bedingung kann dem “@loading”-Block eine “after”- und/oder eine “minimum”-Dauer mitgegeben werden. Die “after”-Angabe sorgt in Listing 17 dafür, dass der Loading-State frühestens nach 100 Millisekunden dargestellt wird. Die “minimum”-Angabe sorgt dafür, dass der Loading-State mindestens 150 Millisekunden angezeigt wird. Analog dazu sorgt die “minimum”-Angabe beim “@placeholder” dafür, dass der Placeholder mindestens 150 Millisekunden angezeigt wird, bevor der Loading-State angezeigt wird.",2024-04-03,123.67800903320312
152,index,04721391f3f7580f0631b9d3,69b40cd2df13a192b75f18bb,Angular 17: Neues Release des Web-Frameworks,"Statt direkter Nutzer-Interaktion ist es auch möglich, einen Defer-Block zu laden, sobald ein anderes (Trigger-)Element in den sichtbaren Viewport kommt, z.B. indem der Nutzer zum Trigger-Element scrollt. Dies ist in Listing 16 dargestellt. Statt des externen Triggerelements kann auch wieder der Placeholder als implizites Triggerelement verwendet werden.",2024-04-03,123.5991439819336
153,index,eba6f5d083b14f4d8d53d87a,69b407b3df13a192b75e9b21,"Was ist neu in Angular 16? Signals, Hydration, esbuild und mehr","DestroyRef

Wie oben erwähnt, bindet Angular die Lebensdauer von Signal-Konsumenten an die des jeweiligen Angular-Building Block, z. B. der aktuellen Komponente. Möglich wird das durch die neue  DestroyRef. Es handelt sich dabei um einen Service, der darüber informiert, dass der aktuelle Building-Block kurz vor seiner Zerstörung steht (Listing 5).",2023-06-13,124.14303588867188
154,index,eba6f5d083b14f4d8d53d87a,69b407b3df13a192b75e9b28,"Was ist neu in Angular 16? Signals, Hydration, esbuild und mehr","Das Ergebnis der neuen Non-destructive Hydration kann sich durchaus sehen lassen.  Abbildungen 4  und 5  zeigen ein paar Lighthouse-Metriken für die hier verwendete Beispielanwendung [1]. Erstere bezieht sich auf klassisches SSR und letztere auf die neue Non-destructive Hydration.

Abb. 4: Klassisches SSR

Abb. 5: SSR mit Non-destructive Hydration

Abgesehen von der Erstellung eines Production Build und dem Aktivieren der HTTP-Komprimierung im Node-basierten Webserver, der sich um das serverseitige Rendering kümmert, wurden keine Optimierungen durchgeführt.

Wie Signals wird Non-destructive Hydration mit Angular 16 lediglich als Developer-Preview veröffentlicht. Basierend darauf möchte das Angular-Team weitere Hydration-Spielarten erforschen und ggf. bereitstellen. Im Gespräch sind unter anderem Progressive Hydration (Abb. 6) und Partial Hydration (Abb. 7).

Abb. 6: Progressive Hydration

{.figure}
Abb. 7: Partial Hydration

Bei Progressive Hydration lädt der Browser anstatt eines großen Bundles mehrere kleine herunter. Somit kann die Anwendung für den gerade benötigten Anwendungsbereich schneller interaktiv werden. Bei Partial Hydration versucht die Anwendung, bestimmte Bundles vom Download auszuschließen. Code für statische Seitenbereiche und für Komponenten, die nicht in den sichtbaren Bereich gescrollt werden, kann somit außen vor bleiben.",2023-06-13,123.91625213623047
155,index,64ace3828d8056484c3534ab,69b41040df13a192b75f64e0,Angular 16 released,"This snippet shows a programmatic route navigation that includes a query parameter and the resulting runtime values that land on a routed component. Calling router.navigateByUrl('/demo?language=french') navigates to the /demo route with language=french; the target component’s language property is set to ""french"". The comments show two additional component properties populated from route configuration: demoData holds static route data (""My static data"") and demoResolved holds data provided by a route resolver (""My resolved data""). Key concepts: programmatic navigation, query parameters, and route-provided data (static data and resolved asynchronous data). The style and APIs (router.navigateByUrl, component properties, route data/resolvers) indicate TypeScript code in an Angular routing context.

router.navigateByUrl('/demo?language=french')
// component.language === 'french';
// component.demoData === 'My static data';
// component.demoResolved === 'My resolved data'",2023-04-06,124.17668151855469
156,index,64ace3828d8056484c3534ab,69b41040df13a192b75f6500,Angular 16 released,"This snippet uses TypeScript property decorators to declare component input bindings. Each @Input annotation marks a class field as an externally set input and provides optional metadata: a string or an object with keys like alias and required. Examples show three patterns: @Input('fooAlias') maps an external attribute named ""fooAlias"" into the local property fooVal; @Input({alias: 'barAlias', required: true}) both renames the binding and flags it as required; @Input({required: true}) keeps the property name and marks it required. All properties are initialized to empty strings. Key concepts: TypeScript decorators (property-level metadata), component input/property binding, aliasing of external attribute names, and a required-flag for input validation semantics. The syntax is idiomatic to Angular-style component frameworks.

@Input('fooAlias') fooVal = '';
@Input({alias: 'barAlias', required: true}) barVal = '';
@Input({required: true}) bazVal = '';",2023-04-06,124.12508392333984
157,index,64ace3828d8056484c3534ab,69b41040df13a192b75f6501,Angular 16 released,"This TypeScript/Angular snippet defines two route guards that decide whether navigation should proceed based on an authentication check. The class-based guard (DemoClassGuard) is decorated with @Injectable({ providedIn: 'root' }) so it is DI-registered at the root and exposes a canActivate(route: ActivatedRouteSnapshot, state: RouterStateSnapshot): boolean | UrlTree method that returns the result of DemoAuthService.isLoggedIn(). The second is a functional guard (demoFuncGuard) typed as CanActivateFn that uses the inject() helper to obtain DemoAuthService and returns isLoggedIn(). Key concepts and APIs shown: dependency injection, @Injectable provider registration, route guard contracts (CanActivate/CanActivateFn), route snapshot types (ActivatedRouteSnapshot, RouterStateSnapshot), UrlTree for redirect results, and a service-based isLoggedIn() authorization check. Note: the class example contains a small naming mismatch between the injected property and the reference used.

@Injectable({providedIn: 'root'})
export class DemoClassGuard {
  constructor(private authService: DemoAuthService) {}
  canActivate(route: ActivatedRouteSnapshot,
              state: RouterStateSnapshot): boolean | UrlTree {
	return this.auth.isLoggedIn();
  }
}

export const demoFuncGuard: CanActivateFn =
  (route, state) => {
     const authService = inject(DemoAuthService)
     return authService.isLoggedIn();
  };",2023-04-06,124.03047180175781
158,index,8b35e3d0070110b78d6c9434,69b40711df13a192b75e8a89,"Angular: Signals, Standalone, SSR","Links & Literatur

[1] https://angular.dev/guide/signals

[2] https://angular.io/guide/signal-inputs

[3] https://angular.io/guide/signal-queries

[4] https://github.com/angular/angular/issues/54808

[5] https://angular.io/guide/standalone-components

[6] https://angular.dev/reference/migrations/standalone

[7] https://angular.io/guide/ssr

[8] https://angular.io/guide/esbuild",2024-06-10,123.49390411376953
159,index,8b35e3d0070110b78d6c9434,69b40711df13a192b75e8a83,"Angular: Signals, Standalone, SSR","Signals könnten in Zukunft die Performance von Angular-Anwendungen erheblich verbessern. Derzeit basiert die Änderungsnachverfolgung von Angular noch auf der Bibliothek zone.js. Diese versucht auf sämtliche asynchrone Ereignisse innerhalb des Browsers zu reagieren und prüft danach standardmäßig alle Komponenten innerhalb der Anwendung auf Änderungen. Da mit Signals die genaue Änderungsquelle bekannt ist, kann in Zukunft eine deutlich effizientere Change Detection implementiert werden. Dann muss nicht mehr die gesamte Anwendung geprüft werden, sondern nur noch die Komponenten, bei denen sich tatsächlich eine Änderung ergibt (Abb. 1). zone.js optional zu machen, ist ein festes Ziel des Angular-Teams.

Während signal() und computed() als stabil markiert sind, befindet sich die effect()-Methode noch in der Entwicklervorschau (Developer Preview). Das Angular-Team behält sich also vor, diese Schnittstelle noch einmal anzupassen, bevor sie als stabil markiert wird.",2024-06-10,123.26012420654297
160,index,04721391f3f7580f0631b9d3,69b40cd2df13a192b75f1884,Angular 17: Neues Release des Web-Frameworks,"Die neue Syntax hat sich übrigens seit dem ersten RFC nochmal leicht verändert, mit dem Ursprünglichen Vorschlag würde das Beispiel aus Listing 9 etwas komplexer aussehen (“{#if show} ... {/if}” statt “@if (show) { ... }”).

Speziell für “if-elseif-else”-Bedignungen hat die neue Syntax einen deutlichen Vorteil gegenüber den alten strukturellen Direktiven. Während für den “else”-Fall bisher eigene Templates innerhalb eines “”-Element angelegt werden mussten, waren “if-elseif-else”-Konstrukte so gar nicht möglich, stattdessen mussten “if-else”-Konstrukte verschachtelt werden.

In Listing 10 ist nun die neue Syntax gezeigt, mit der beides sehr einfach möglich ist, die Syntax erinnert an JavaScript. Wichtig ist hier, dass die Keywords “@if” und “@else” immer mit einem vorangestellten “@” ausgezeichnet werden.",2024-04-03,123.44990539550781
161,index,04721391f3f7580f0631b9d3,69b40cd2df13a192b75f18a8,Angular 17: Neues Release des Web-Frameworks,"Neben dem “@defer”-Block sind in Listing 13 noch weitere, optionale Blöcke gezeigt. Innerhalb “@loading” kann ein Template angegeben werden, das den “Ladezustand” darstellt, etwa eine Lade-Spinner. Der Ladezustand wird ab dem Moment angezeigt, ab dem die boolesche Bedingung (hier “isLoading”) auf “true” wechselt. Wenn die Komponente “” geladen und gerendert ist, wird der Ladezustand automatisch entfernt.

Speziell beim Ladezustand sollten Entwickler:innen natürlich vorsicht walten lassen, um nicht in ein oder mehrere UX-Fettnäpfchen zu treten: Für Nutzer:innen ist ein großer Spinner für die komplette Seite vermutlich einfacher zu “verdauen” als 20 gleichzeitig aktive Spinner, die sich über die ganze Seite und über alle Einzelkomponenten verteilen. Weiterhin sollte beim Einsatz von Ladezuständen darauf geachtet werden, dass die Seite durch stückchenweises Nachladen kleinster Seitenelemente nicht dauerhaft “flackert” bzw. der eigentliche Inhalt nicht andauernd hin- und her verschoben wird.",2024-04-03,123.41075134277344
162,vector,xrng8DfDqckoEKvMr,69b9b935e63ce3f9eef2d873,Angular 18: Neue Features optimal nutzen und Bestandsprojekte effizient migrieren,"[SECTION]:
Signals
Migration Strategy

– Why? You should migrate to Signals, as they improve performance and API simplicity.
– When? You should write new components based on Signals and migrate older components if time permits. Currently, there’s no hurry: RxJS and the traditional ways in Angular won’t go away anytime soon, and some Signal APIs and frameworks are still in developer preview.
– How? Manual effort required, no automated migration available. (Could probably be handled by GenAI.)

The migration strategy to Signals in Angular 18 centers on adopting a new reactive primitive designed to improve performance and simplify change detection. Signals wrap values that change over time and notify Angular directly when updates occur, enabling more efficient UI updates compared to the traditional ZoneJS-based system. Unlike RxJS Observables, Signals offer a simpler API with less complexity, making them more approachable for developers. They form the foundation of a new change detection mechanism that can eventually replace ZoneJS, reducing unnecessary checks and improving responsiveness. While Signals integrate well with existing strategies like OnPush and AsyncPipe, migration requires manual effort as no automated tools exist yet. Developers are encouraged to write new components using Signals and incrementally migrate older ones, maintaining compatibility with RxJS and existing Angular APIs. Some Signal features remain in developer preview, and future tooling, including generative AI, may assist migration. This pragmatic approach balances innovation with stability in evolving Angular applications.",,0.8650522232055664
163,vector,xrng8DfDqckoEKvMr,69b9b936e63ce3f9eef2d897,Angular 18: Neue Features optimal nutzen und Bestandsprojekte effizient migrieren,"[SECTION]:
Signals
Overview

– A signal is a reactive primitive: a wrapper around a value that notifies interested consumers when that value changes
– The signal concept is a lot simpler than RxJS (= streamlined APIs)
– Signals form the basis for a new, more effective change detection system in Angular that could eventually replace Zone.js (= performance improvement)
– Works great with ChangeDetectionStrategy.OnPush

[IMAGE]:
A stylized diagram illustrating reactive signaling: concentric arcs in purple and red radiate from a central circle with arrows pointing outward, symbolizing the propagation of change notifications from a signal to its consumers.

Angular 18 introduces Signals as a new reactive primitive that acts as a wrapper around a value, notifying consumers when the value changes. Signals provide a simpler and more streamlined alternative to RxJS, offering a reactive base data type that is increasingly integrated throughout the Angular framework. Although still evolving, Signals represent a foundational shift in Angular's change detection system, aiming to replace the traditional Zone.js approach. This new system enhances performance by enabling more efficient and precise change detection, especially when combined with Angular's ChangeDetectionStrategy.OnPush. Signals facilitate a more declarative and fine-grained reactivity model, allowing developers to gradually migrate applications to this paradigm. As a core part of Angular's ongoing evolution, Signals underpin a more effective and modern reactive architecture, promising improved responsiveness and maintainability in Angular applications.",,0.8628573417663574
164,vector,PnApHFiNAR2RR6pkD,69b9a2b5e63ce3f9eef2c3a1,"Modern Angular: Harnessing Signals, Hydration, and Modern Tooling for Seamless Coding","[SECTION]:
Signals

• Optimized for Frontend
• Reactive Alternative to RxJs
• Manages State
• Simple
  ○ signal: writable
  ○ computed: read-only & derived
  ○ effect: side effects
• Improved DX
• Local Change Detection (v17)
• Triggers Change Detection(v18)

Signals represent a reactive state management approach integrated deeply into Angular, designed to simplify and optimize frontend development. Unlike traditional observables, signals provide a more straightforward reactive structure that directly triggers change detection, enabling efficient UI updates. Angular's vision is to have components fully built around signals, where any state change automatically informs Angular to re-render or update the DOM accordingly. Signals come in three core types: writable signals for mutable state, computed signals that are read-only and derived from other signals, and effects that handle side effects. The introduction of local change detection in Angular version 17 and the ability to trigger change detection in version 18 further enhance signals' performance and developer experience. Embracing signals is encouraged as the future standard for reactive programming in Angular, offering a cleaner, more integrated alternative to RxJs and improving both code clarity and application responsiveness.",,0.858839750289917
165,vector,67QL9Djae36cRcNRu,69b93244e63ce3f9eef24cf5,"Hallo Standalone Components, tschüss NgModules: So bauen Sie Angular-Apps der Zukunft","[SECTION]:
""The New Angular""
Angular 16+

– Signals (…and a Zone.js-less future)
– Server-Side Rendering/Hydration
– Built-in Control Flow ({{#if cond.expr}}{/if}})
– Standalone Applications/Components

Goals: Streamline & modernize APIs + improve performance

Angular 16 and later versions, branded as ""The New Angular,"" introduce transformative features aimed at modernizing the framework and enhancing performance. Central to these advancements are Signals, a new reactive primitive designed to replace the traditional Zone.js-based change detection, addressing its performance bottlenecks and update inconsistencies. Alongside Signals, Angular now supports improved Server-Side Rendering and Hydration techniques, enabling faster client delivery and better SEO outcomes. The framework also introduces a new built-in control flow syntax using {{#if cond.expr}}{/if}}, complementing the existing *ng directives with a more expressive and modern approach. A major architectural shift is the adoption of Standalone Components and Applications, which simplify Angular's module system and reduce boilerplate. These changes collectively aim to streamline Angular's APIs, making development more intuitive while significantly boosting application efficiency and flexibility.",,0.8504903316497803
166,vector,vrh8iB4Wo2PXMvNh9,69b99d75e63ce3f9eef2beb4,Leichtgewichtige Architekturen mit Angulars neuen Features,"[SECTION]:
How Will Angular Solve This?

Signals!

[IMAGE]:
Angular logo (red shield with white 'A') positioned on the left side, with the word 'Signals!' enclosed in a blue oval on the right side. The image visually connects Angular with the concept of Signals as a solution approach.

Angular addresses the challenges of its traditional change detection mechanism, which relies on ZoneJS, by introducing Signals as a core feature. ZoneJS works by monkey-patching all browser objects to detect when events occur, triggering a broad and often inefficient change detection across the entire component tree. This approach adds significant overhead and limits granularity, making it less ideal for modern, lightweight applications or fine-tuned updates. Signals provide a more efficient alternative: they are simple data structures with getters and setters that notify Angular precisely when a value changes. This enables fine-grained, granular change detection without the need for ZoneJS, allowing Angular to update only the affected parts of the UI. Signals integrate seamlessly with existing Angular code, can coexist with ZoneJS if desired, and avoid memory leaks by tying their lifecycle to components. This innovation aligns Angular with other modern frameworks adopting reactive, signal-based state management, promising a more performant and streamlined developer experience.",,0.8460302352905273
167,vector,xrng8DfDqckoEKvMr,69b9b935e63ce3f9eef2d86e,Angular 18: Neue Features optimal nutzen und Bestandsprojekte effizient migrieren,"[IMAGE]:
Diagram showing Angular component tree with <app-root> at top, branching to <app-nav> and <app-content>, where <app-content> contains <app-list>. <app-nav> uses {{ signal() }} binding highlighted in red, while <app-root>, <app-content>, and <app-list> use {{ binding }}. A stylized 'CHANGE' icon with concentric arcs and an arrow points to the component tree, illustrating change propagation and the role of signals in future change detection.

Signals represent a new foundational data type in Angular designed to optimize change detection by focusing updates on specific bindings rather than triggering broad cycles across the entire component tree. Unlike the traditional ZoneJS-based system, which monitors all asynchronous events and initiates change detection from the root component downward, Signals encapsulate values and notify Angular precisely when those values change. This allows Angular to update only the affected bindings, significantly improving performance and efficiency. Signals are reactive but simpler than RxJS Observables, aligning with Angular's goal to provide a more developer-friendly API. While not yet fully implemented, the vision is that Signals will replace ZoneJS, enabling granular updates such as in the <app-nav> component shown in the diagram, which uses signal() bindings, contrasting with other components relying on traditional bindings. This shift promises a more precise and performant UI update mechanism, reducing unnecessary checks and enhancing responsiveness in Angular applications.",,0.8455874919891357
168,vector,5ca564ac8c4557f4f949b660,69b94837e63ce3f9eef26750,Level-up your Angular Codebase with Cutting-Edge APIs,"[SECTION]:
Reactive Primitive paves the future of the framework
- No direct replacement for RxJS
- But, RxJS will get optional, nevertheless it stays supported as opt-in
- Some APIs are already stable, furthermore with v19
- Others are in dev-preview or even experimental
- Dev-preview is typically quite stable, allowed to be changed w/ any release
- Experimental is meant to be used to gain experience and may never get stable
- Use v19 Schematics, but most of it is manual refactoring

[CODE]:
ng generate @angular/core:signals

The slide highlights Angular's Signal APIs as a foundational reactive primitive shaping the framework's future, clarifying that these APIs do not replace RxJS, which remains optionally supported with ongoing enhancements. Signal APIs are categorized by stability: stable, dev-preview, and experimental. Dev-preview APIs, while usable in production, may still undergo changes, as seen with Angular 16's mutate function update in a patch release. The Angular team emphasizes providing schematics to assist migration, though much refactoring requires manual effort. Signals enable reactive state management by turning data types into reactive primitives, supporting features like signal reads and two-way bindings in components. This nuanced approach allows developers to incrementally adopt signals alongside RxJS, leveraging performance benefits and future-proofing applications while maintaining compatibility and flexibility during the transition.",,0.8420147895812988
169,vector,xrng8DfDqckoEKvMr,69b9b936e63ce3f9eef2d88b,Angular 18: Neue Features optimal nutzen und Bestandsprojekte effizient migrieren,"[SECTION]:
Signals
NgRx Signal Store

– Reactive state management solution based on Signals
– Simple and lightweight
– Package: @ngrx/signals
– Replacement for component store and entity adapter
– Function-based, but can be class-based
– Stable with NgRx 18

NEW

The NgRx Signal Store leverages Angular's new reactive primitive, Signals, which represent values that change over time and notify subscribers upon updates. Signals simplify Angular's change detection by wrapping values and automatically triggering UI updates when those values change, offering a more efficient alternative to the traditional ZoneJS-based system. Unlike RxJS Observables, Signals provide a simpler, more developer-friendly API while still enabling reactive programming. This new approach reduces unnecessary change detection cycles by targeting only the affected bindings, improving performance. The Signal Store builds on this foundation, providing a lightweight, function-based state management solution that can optionally be used with classes. It replaces the traditional component store and entity adapter, aligning with Angular's move towards simpler, more functional APIs. Stable since NgRx version 18, the Signal Store represents a modern, streamlined approach to state management within Angular applications.",,0.8393445014953613
170,vector,dbf95254ff0de39437b2fc09,69b15021c1f36e34206bad86,AI-ngular: AI Takes Center Stage with Angular 21,"Core Angular

In addition to the switch to “Zoneless” as the new default for Angular applications, this release’s standout features include the introduction of the new AI APIs and the dev preview for the new Signal Forms. There are also some noteworthy minor improvements for daily developer work with Angular. For example, “regular expressions” can now be used directly in Angular templates. Naturally, regexes already work in TypeScript code and will continue to do so.

In order to react explicitly to changed input parameters in components, the “OnChanges” interface can be implemented with the “ngOnChanges(changes: SimpleChanges)” lifecycle hook. The transfer parameter “SimpleChanges” is currently a dictionary that contains a “SimpleChange” object for all input parameters of the component that have been changed in this change detection run, see Listing 10. Among other things, SimpleChange contains the current (‘currentValue’) and previous (“previousValue”) values of the respective input property. In Angular 21, both interfaces now have an optional generic type parameter. This means that OnChanges can now also be used as follows: “ngOnChanges(changes: SimpleChanges)”. This achieves better type safety for both the “SimpleChanges” dictionary and the ‘currentValue’ and “previousValue” properties. When using input signals, even the signal type is recognized. Listing 11 shows an example of this with the “ColorDisplayComponent” component, which receives a string ‘backgroundColor’ as input. Every time this value is set externally, both the old and new values are logged in “ngOnChanges”. The text color is always set based on the “previous” background color, or black if there was no previous background color. What’s special here is that the compiler directly recognizes that the “backgroundColor” property exists in Simple Changes and that ‘currentValue’ and “previousValue” are both of type string.",2026-02-24,0.8382879055569411
171,vector,Q6SXufNfs3PD73bAg,69b93f84e63ce3f9eef25df5,Der neue NGRX Signal Store für Angular: 3+n Spielarten,"[IMAGE]:
Diagram showing two ovals labeled 'Signal as Producer' and 'Consumer'. The Signal oval contains the value '4712'. Arrows indicate 'set' going into Signal, 'read' from Signal to Consumer, and 'notify' from Signal to Consumer, illustrating the reactive data flow between producer and consumer.

Signals in Angular 17 represent a simple yet powerful reactive building block that holds a value, such as 4712, which can be read and updated. When the Signal's value changes, it notifies its consumers, enabling them to react immediately and stay up to date. This mechanism decouples data producers from consumers through a clear notification flow, simplifying reactive programming compared to older approaches like RxJS and Observers. Signals are designed to improve Angular's change detection by precisely identifying what has changed, allowing for more efficient updates. Instead of Angular guessing when to refresh components, Signals provide exact change information, paving the way for future optimizations where only affected parts of a component are updated rather than the entire component. This foundational concept enhances performance and clarity in Angular applications by making reactivity explicit and straightforward.",,0.8378515243530273
172,vector,xrng8DfDqckoEKvMr,69b9b936e63ce3f9eef2d88e,Angular 18: Neue Features optimal nutzen und Bestandsprojekte effizient migrieren,"[SECTION]:
Signals
Zoneless Change Detection (since Angular 18.0)

[CODE]:
bootstrapApplication(AppComponent, {
  providers: [
    provideExperimentalZonelessChangeDetection(),
  ],
});

Angular 18 introduces Zoneless Change Detection, a new experimental feature that replaces the traditional ZoneJS-based change detection mechanism with a more efficient system built on Signals. Signals are a new reactive primitive designed to track values that change over time and notify Angular precisely when updates occur. Unlike the previous approach where Angular monitored all asynchronous events globally, often triggering unnecessary full application checks, Signals enable fine-grained change detection by directly observing changes at the data-binding level. This reduces redundant checks and improves performance. The slide demonstrates how to enable this feature by adding the provider provideExperimentalZonelessChangeDetection() within the bootstrapApplication function for the AppComponent. This approach aligns with Angular’s goal to simplify its API surface and enhance developer experience by offering a more straightforward, reactive model that integrates well with existing strategies like OnPush and AsyncPipe, marking a significant step toward more efficient and maintainable Angular applications.",,0.8331575393676758
173,vector,xrng8DfDqckoEKvMr,69b9b935e63ce3f9eef2d86d,Angular 18: Neue Features optimal nutzen und Bestandsprojekte effizient migrieren,"[SECTION]:
Signals
API

– Writable Signals

– Computed Signals

– Effects

[CODE]:
const count = signal(0);
count.set(3);

const doubleCount = computed(() => count() * 2);

effect(() => console.log(`The count is: ${doubleCount()}`));

The Signals API in Angular 18 introduces a reactive programming model centered around three core concepts: Writable Signals, Computed Signals, and Effects. Writable signals are created using the signal() function with an initial value, similar to a BehaviorSubject, but updated via the set() method instead of next(). Computed signals derive their values reactively from writable signals using the computed() function, producing read-only signals that automatically update when their dependencies change. This approach aligns with Angular's shift from class-based paradigms toward functional programming, simplifying state management and reactivity. While writable computed signals are under discussion, the current model emphasizes clear separation between mutable state and derived state. Effects enable side effects in response to signal changes, though their use is primarily intended for framework-level operations rather than application code. Together, these primitives enable efficient change detection and automatic propagation of state changes, enhancing performance and developer experience in Angular applications.",,0.8324577808380127
174,vector,a527c16f5bc7b4da1bc88ab0,69b8e0b0ec25c98173fc3a00,Angular Resources: Everything you need to know,"[SECTION]:
Ultimate goal of the Angular team so components can work without Zone.js

All components inputs, outputs, and models (2-way bindings) can be signals now

[CODE]:
@Component({
  signals: true,
  ...
})
export class UserProfile {
  // Create an optional input without an initial value.
  firstName = input<string>(); // Signal<string|undefined>

  // Create a model, which is a signal that supports two-way binding.
  active = model(false);

  saved = output<number>(); // EventEmitter<number>
}

Signal-based components in Angular represent a significant shift from traditional change detection mechanisms, eliminating the need for Zone.js. By leveraging signals, Angular precisely tracks dependencies and changes, enabling more efficient and predictable updates. All component inputs, outputs, and models supporting two-way bindings can now be implemented as signals, allowing Angular to build a dependency graph that identifies exactly what needs to be updated when a signal changes. This reactive programming approach enhances state management and change detection by ensuring only affected parts of the component tree are refreshed. The slide’s code snippet exemplifies this by showing how to define a component with signals enabled, including optional input signals, two-way binding model signals, and output event emitter signals. This new paradigm improves performance and clarity by making change detection explicit and fine-grained, moving away from Angular’s previous reliance on broad, implicit change detection triggers.",,0.8312489986419678
175,vector,vrh8iB4Wo2PXMvNh9,69b99d75e63ce3f9eef2beb3,Leichtgewichtige Architekturen mit Angulars neuen Features,"[SECTION]:
Fine-grained and Zone-less CD
Convertible to Observables and vice versa!
No need to unsubscribe!
No need to update code!

The approach introduces Signals as a modern alternative to Angular's traditional Zone.js-based change detection, enabling fine-grained and zone-less continuous delivery. Unlike Zone.js, which monkey-patches all browser objects and incurs significant overhead, Signals provide a lightweight, explicit data structure with getters and setters that notify Angular precisely when a value changes. This allows for more efficient, granular updates without the need to check entire component trees. Signals eliminate the need to unsubscribe from streams or events, as they automatically manage their lifecycle tied to the component's lifespan, preventing memory leaks. Additionally, Signals maintain interoperability by allowing easy conversion to Observables, preserving access to familiar reactive operators. This design simplifies maintenance, reduces boilerplate, and supports incremental adoption by mixing Signal-based and existing code seamlessly. Overall, Signals represent a streamlined, performant, and developer-friendly evolution in Angular's reactive programming model.",,0.8299438953399658
176,vector,BX6uMyAd44eD3uhtK,69b92d25e63ce3f9eef24717,Microfrontends mit Modern Angular,"[SECTION]:
Updated Angular Elements API

Standalone Components

Signals

@angular/ssr

esbuild

Hydration

Deferred Loading

The Angular Elements API has evolved significantly alongside Angular's broader framework enhancements, emphasizing modularity and performance. Standalone Components eliminate the need for Angular Modules, streamlining component creation and enabling lightweight, flexible development. Angular Elements now offer a straightforward API to convert Angular components into Web Components compatible with any framework. Signals introduce a new reactive change detection mechanism, improving state management efficiency. Server-Side Rendering (SSR), officially supported since Angular 17, delivers fast, seamless rendering that enhances user experience by providing meaningful HTML content quickly. Hydration complements SSR by reusing server-rendered HTML on the client, reducing load times and improving interactivity. Deferred Loading optimizes performance by loading parts of the page only when needed, such as on user interaction or when elements enter the viewport. Additionally, Angular 17 integrates esbuild, a modern build tool that accelerates build processes, contributing to faster development cycles and improved application performance. These features collectively represent Angular's commitment to backward-compatible innovation and modern tooling integration.",,0.8268685340881348
177,vector,13fa063c63e80c4f8952ddb8,69b14f67c1f36e34206bab8a,Modern Angular Is Easier Than React,"Angular: The Simplicity of Signals

Modern Angular flips this model. With the introduction of Signals, Angular adopts a fine-grained reactivity model (inspired by SolidJS).

In this model, components do not ""re-render"" in the React sense. Instead, the application consists of a dependency graph. When a Signal is updated, only the specific values dependent on that Signal are notified. If a Signal changes but the result of a computed value remains the same, the update stops there. It is precise, glitch-free, and local.",2026-02-24,0.8262944973448759
178,vector,heHyAodHSRfj6AG3L,69b996b1e63ce3f9eef2b810,The Internal Magic of Angular Signals,"[SECTION]:
Signal-based Change Detection
• Fine-grained DOM updates on change only
  • Embedded View: @if, @for
• Change Detection can run locally
• NgZone will become optional

Current Optimizations
• Version 16: for OnPush on Signal Update
  • marks Component and Partents for Check
  • like AsyncPipe
• Version 17: for OnPush on Signal Update
  • marks specific Component with Signal-Read for Check only
  • Parents Components do not get checked automatically

Signal-based change detection in Angular enables precise and efficient DOM updates by reacting only to actual changes in signals. Embedded views, controlled by directives like @if and @for, benefit from this fine-grained reactivity, allowing change detection to operate locally and making NgZone optional. Angular versions 16 and 17 introduce significant optimizations: version 16 marks both the component and its parent for checking upon signal updates, similar to AsyncPipe behavior, while version 17 refines this by marking only the specific component that reads the signal, avoiding unnecessary parent checks. This evolution reduces redundant change detection cycles, improving performance. Internally, Angular manages reactive contexts and nodes automatically, handling subscription management behind the scenes. This approach ensures that updates propagate efficiently through the component tree, aligning with the signal API's goal of synchronous, glitch-free reactivity and enabling developers to build highly performant, reactive Angular applications.",,0.8261396884918213
179,vector,eYWqC2w4cdH4f7hyW,69b995aae63ce3f9eef2b6b9,New Lightweight Angular HTTP Interceptors,"[SECTION]:
Angular Momentum

• Standalone components and Standalone APIs
• Hydration and server-side rendering improvements
• New reactivity model with Angular Signals
• RFC: Built in control flow

Angular Momentum introduces significant advancements in the Angular framework, focusing on simplifying development and enhancing performance. Key features include standalone components and APIs that reduce reliance on NgModules, allowing developers to bootstrap applications directly with components marked as standalone. This change streamlines the compilation process and removes the previous layer of indirection required by NgModules. Improvements in hydration and server-side rendering boost performance and user experience by enabling faster, more efficient rendering. The new reactivity model, based on Angular Signals introduced as a developer preview in Angular v16, offers more fine-grained change detection compared to Zone.js, improving state management efficiency. Additionally, an RFC proposal for built-in control flow mechanisms aims to enhance template logic with native support for constructs like if and for loops. These features build on the Ivy project foundation, reflecting Angular's ongoing commitment to innovation and developer productivity.",,0.8254008293151855
180,vector,0747f0655ef3790a97eba95b,69b8e8dfec25c98173fc3c4b,How to architect Angular apps in 2025,"[SECTION]:
Ultimate goal of the Angular team so components can work without Zone.js

All components inputs, outputs, and models (2-way bindings) can be signals now

[CODE]:
@Component({
  signals: true,
  ...
})
export class UserProfile {
  // Create an optional input without an initial value.
  firstName = input<string>(); // Signal<string|undefined>

  // Create a model, which is a signal that supports two-way binding.
  active = model(false);

  saved = output<number>(); // EventEmitter<number>
}

The slide introduces signal-based components in Angular, emphasizing the Angular team's goal to eliminate reliance on Zone.js by adopting signals for component state management and event handling. Inputs, outputs, and models, which support two-way bindings, are now implemented as signals using new functions like input and model that replace traditional decorators. This shift enables components to reactively synchronize their state with the UI more efficiently. The Angular framework facilitates this transition by providing migration commands that automatically convert existing decorators to signal-based APIs, simplifying adoption. This approach aligns with Angular's vision of moving away from change detection terminology toward a synchronization model, where data changes directly trigger component updates. The code example demonstrates how to define optional input signals, two-way binding models, and output event emitters, illustrating the practical application of signals to create reactive, streamlined components that integrate seamlessly with Angular's evolving reactive programming paradigm.",,0.8248677253723145
181,vector,v5d8o8D4LhLAy4zov,69b99f6ee63ce3f9eef2c05f,Change Detection: A Deep-Dive Into Angular's Rendering Model,"[SECTION]:
Change Detection Improvements

Issues

Changes have to be found
Runs too often

Angular 17
Exclude Components
OnPush
Local CD
Signals & OnPush

Angular 18
Zoneless
With zone.js as ""Hybrid Mode""

The slide outlines the evolution of Angular's change detection from version 17 to 18, focusing on performance optimizations and reducing unnecessary change detection cycles. Angular 17 introduced 'Exclude Components' with the OnPush strategy and 'Local CD' using Signals and OnPush, which help limit change detection to specific components, improving efficiency. Angular 18 advances this further by introducing an experimental 'Zoneless' mode that operates in a hybrid fashion with zone.js. Zone.js, a core part of Angular's change detection mechanism, is partially removed to reduce overhead, allowing developers to opt into a zone-less environment for finer control. This hybrid mode ensures backward compatibility while enabling more efficient change detection triggers. The integration of Signals in Angular 18 simplifies managing change detection without relying on zone.js, marking a significant step toward more performant and predictable UI updates.",,0.8237593173980713
182,vector,0747f0655ef3790a97eba95b,69b8e8dfec25c98173fc3c43,How to architect Angular apps in 2025,"[SECTION]:
v14: Standalone components
v16: Angular Signals
v17: New control flow blocks
v19: HTTP resource
v20: Zoneless is stable
v21+: Signal Forms

[SECTION]:
Let’s understand why these changes are happening and what is the motivation behind them

This slide outlines the major changes introduced in Angular since version 14, highlighting key features and improvements across several releases. It lists standalone components introduced in v14, Angular Signals in v16, new control flow blocks in v17, HTTP resource in v19, the stabilization of Zoneless in v20, and Signal Forms starting from v21. The slide sets the stage for a deeper discussion on the reasons and motivations behind these changes, aiming to provide context and understanding of Angular's evolving architecture and feature set. It serves as an overview to frame subsequent detailed explanations of each feature and their impact on Angular development.",,0.8231325149536133
183,vector,vrh8iB4Wo2PXMvNh9,69b99d75e63ce3f9eef2beb5,Leichtgewichtige Architekturen mit Angulars neuen Features,"[IMAGE]:
Diagram showing two ovals labeled 'Signal as Producer' with value 4712 and 'Consumer'. Arrows indicate 'set' going into Signal, 'read' from Signal to Consumer, and 'notify' from Signal to Consumer, illustrating the interaction flow between Signal and Consumer.

Signals represent a simple yet powerful data structure central to reactive programming, acting as producers that hold a value accessible via getters and setters. Unlike traditional Angular change detection relying on Zone.js, which monitors all browser events and triggers broad component tree checks, signals enable fine-grained updates by notifying consumers only when their specific values change. This approach reduces overhead and improves performance by avoiding unnecessary checks. Consumers read the signal's current value and automatically register for updates, ensuring synchronized and responsive data flows. Signals can be integrated seamlessly with existing Angular code, allowing gradual migration and coexistence with observables. They also eliminate common pitfalls like memory leaks by tying their lifecycle to components. This mechanism underpins a more efficient and scalable change detection strategy, enabling Angular to evolve beyond coarse-grained, zone-based detection toward precise, value-driven updates.",,0.8223893642425537
184,vector,0747f0655ef3790a97eba95b,69b8e8dfec25c98173fc3c48,How to architect Angular apps in 2025,"[SECTION]:
Use Signals - everywhere!
Replace HttpClient with httpResource
Use and share Signals from services
Replace old directives with new blocks (automated migration)
Use lazy-loading with standalone components and/or @defer

What you’ll get:
More performant, easier to read code
Less boilerplate syntax

The presentation highlights modern Angular development practices centered around the adoption of Signals for reactive programming and the transition from HttpClient to the newer httpResource for enhanced data handling. It encourages using and sharing Signals through services to manage state and dependencies efficiently, exemplified by a list component exposing only necessary signals to its children. The migration from deprecated Angular directives to new block-based structures is streamlined and automated in Angular 20, with directives being phased out by versions 21 or 22. Emphasizing lazy loading with standalone components or the @defer decorator optimizes performance by reducing initial bundle sizes and improving load times. Collectively, these practices lead to more performant, readable, and maintainable code with significantly less boilerplate, reinforcing the benefits of adopting these new Angular features and architectural patterns.",,0.8218107223510742
185,vector,v5d8o8D4LhLAy4zov,69b99f6ee63ce3f9eef2c061,Change Detection: A Deep-Dive Into Angular's Rendering Model,"[SECTION]:
Change Detection Improvements

Issues

Changes have to be found
Runs too often

Angular 17
Exclude Components
OnPush
Local CD
Signals & OnPush

Angular 18
Zoneless
With zone.js as ""Hybrid Mode""

Angular ?
Signal Components
CD on View-Level

The timeline highlights Angular's progressive enhancements to change detection, addressing the challenges of detecting changes efficiently and minimizing unnecessary cycles. Angular 17 introduced 'Exclude Components' with the OnPush strategy and 'Local CD' using Signals to optimize change detection by limiting when and where it runs. Angular 18 further advances this with a new 'Zoneless' mode that operates in a hybrid fashion alongside zone.js, reducing redundant change detection triggers while maintaining backward compatibility. This shift reflects Angular's move away from relying solely on zone.js, a core element that previously managed change detection and DOM communication. The upcoming Angular version is expected to implement 'Signal Components,' enabling change detection at the view level, simplifying the process and improving performance. These improvements collectively enhance developer experience by automating change detection more intelligently and reducing overhead, ensuring Angular applications remain performant and responsive as complexity grows.",,0.8218035697937012
186,vector,v5d8o8D4LhLAy4zov,69b99f6ee63ce3f9eef2c05a,Change Detection: A Deep-Dive Into Angular's Rendering Model,"[SECTION]:
Issues

Changes have to be found

Runs too often

Angular 17

Exclude Components
OnPush

Local CD
Signals & OnPush

Angular 17 introduces significant improvements to change detection, focusing on optimizing performance by reducing unnecessary checks. One key enhancement is the refined use of the OnPush change detection strategy, which allows developers to mark components as 'locked' or excluded from change detection cycles, including their entire sub-component tree. This prevents Angular from checking these components unless explicitly marked as dirty through specific triggers such as immutable property bindings, handled DOM events, or signal changes. The introduction of Signals further simplifies this process by automatically marking components as dirty when signal values change, reducing the need for manual intervention. These mechanisms ensure that change detection runs only where necessary, avoiding frequent and costly checks across the entire component tree. Combined with the new 'Local CD' approach, which localizes change detection by integrating Signals with OnPush, Angular 17 offers a more efficient and developer-friendly way to manage change detection, enhancing application performance and responsiveness.",,0.821732759475708
187,vector,xrng8DfDqckoEKvMr,69b9b936e63ce3f9eef2d88a,Angular 18: Neue Features optimal nutzen und Bestandsprojekte effizient migrieren,"[SECTION]:
Standalone Components & APIs
How?

– Migration can be partly automated
– Manual changes will be required
– Effort for mid-size projects: 4–8 hours
– No functional difference

– ⚠️ Changes to the project setup may lead to the migration to break
– ⚠️ Replacements in unit tests may be incorrect
– ⚠️ Migration does not introduce the new folder structure (app config)

The migration to Angular 18's standalone components and APIs represents a significant shift in the framework's architecture, emphasizing a gradual transition towards more reactive and modular design patterns. Angular 18 introduces Signals, a new reactive primitive that forms the foundation for this evolution, encouraging developers to slowly adapt their applications to this paradigm. While migration can be partially automated, it still requires manual adjustments, especially since changes to project setup or unit tests may not be fully handled by the migration tool. The migration effort for mid-size projects is estimated between 4 to 8 hours, with no functional differences expected post-migration. However, developers should be cautious about potential pitfalls such as incorrect replacements in tests and the migration not updating folder structures related to app configuration. This balanced approach highlights the benefits of automation while acknowledging the need for careful manual intervention to ensure a smooth transition to Angular's future-ready standalone architecture.",,0.819049596786499
188,vector,bdffbea5001602c274727100,69b8827bec25c98173fc0995,"Quo vadis, Angular State Management?","[SECTION]:
""State-based"" Change Detection / Synchronization (Signals)

Events
(Observables, Callbacks)

State
(Signals)

a  b  c  d  e

[IMAGE]:
Visual comparison of events and state signals: lightning bolt icons represent events (observables and callbacks) while a sequence of labeled boxes (a, b, c, d, e) represent discrete state signals. Arrows indicate data flow from state signals through the Angular framework (represented by its logo) to the browser environment (Chrome logo), illustrating the reactive synchronization process between application state and UI rendering.

The slide illustrates the distinction between event-driven and state-driven change detection in reactive frontend frameworks, using Angular as an example. Traditionally, Angular relied on detecting events—such as user interactions or asynchronous task completions—to infer potential state changes and trigger UI updates. This approach, managed by the SJS library, often led to inefficiencies, as the framework had to guess whether a state change occurred after an event, potentially causing unnecessary traversals of the component tree. With Angular version 21, this event-based detection is replaced by signals, a new reactive data type that directly notifies the framework when state changes occur. This shift eliminates the need to listen to events as proxies for state changes, enabling more precise and performant synchronization. Signals represent discrete state values that, when updated, trigger Angular’s change detection cycle, streamlining the flow from state changes through Angular to the browser, as depicted by the arrows and logos on the slide.",,0.8187658786773682
189,vector,ec8de39dac90e93f9fd00a92,69b9424ee63ce3f9eef26120,Optimizing Angular Applications - Techniques for Performance Excellence,"[SECTION]:
Push Based Architecture
  No subscriptions
  No pipes
Declarative Syntax
  No boilerplate code

The Signals programming model employs a push-based architecture that simplifies reactive data flows by pushing updates directly, eliminating the need for explicit subscription management or piping mechanisms. This approach contrasts with traditional Angular change detection strategies, which rely on zone.js to track changes and update the UI. Angular's default change detection checks the entire component tree, which can be performance-intensive. To optimize this, Angular offers the OnPush strategy, which limits checks to components with changed inputs, reducing unnecessary re-renders. Going further, a zone-less architecture removes automatic change detection triggers, giving developers manual control over updates. This reduces overhead and improves performance, especially in large applications. Signals' declarative syntax complements this by minimizing boilerplate code, resulting in cleaner, more maintainable codebases. Together, these features enable efficient, streamlined reactive programming with minimal complexity and optimized performance.",,0.8124635219573975
190,vector,ec8de39dac90e93f9fd00a92,69b9424de63ce3f9eef26117,Optimizing Angular Applications - Techniques for Performance Excellence,"[SECTION]:
• Efficient Change Detection
  ○ Signals track state changes precisely
• Simplified State Management
  ○ Reduces overhead in component lifecycle
• Optimized Rendering
  ○ Improves component rendering speed

Signals in state management provide a precise and efficient mechanism for tracking changes, which directly optimizes rendering performance. Unlike Angular's default change detection that checks the entire component tree, Signals enable more granular updates by focusing only on the parts of the state that have changed. This reduces unnecessary re-renders and overhead during the component lifecycle, leading to faster UI updates and improved application responsiveness. The concept aligns with advanced strategies like OnPush change detection and zone-less architectures, which aim to minimize redundant checks and give developers more control over when updates occur. By leveraging Signals, applications can simplify state management, avoid performance bottlenecks caused by broad change detection, and optimize resource usage, resulting in a more predictable and efficient rendering process.",,0.8123252391815186
191,vector,a527c16f5bc7b4da1bc88ab0,69b8e0b0ec25c98173fc3a01,Angular Resources: Everything you need to know,"[IMAGE]:
Diagram illustrating signal-based change detection in Angular. A green oval labeled 'Signal' points via dotted arrows to two yellow-highlighted components labeled 'Component' with 'view - view' text, indicating active view updates. These components are part of a larger component tree with gray components connected by solid lines, showing hierarchical relationships. The diagram emphasizes how the Signal selectively triggers change detection in specific components rather than the entire tree.

Angular's signal-based change detection introduces a precise and efficient mechanism for updating component views. Unlike traditional Angular change detection, which often triggers checks across many components, signals enable Angular to track exact dependencies through a built dependency graph. When a signal's value changes, Angular knows precisely which components and views rely on that signal and only updates those, as illustrated by the highlighted components in the diagram. This targeted update strategy bypasses unnecessary checks, optimizing performance. Signals extend beyond components to inputs, outputs, models, and content queries, making the entire reactive system more granular and efficient. This approach contrasts with previous strategies like onPush, which only partially optimized change detection by checking input changes. By leveraging signals, Angular achieves a more intelligent and fine-grained update flow, ensuring that only affected parts of the component tree are refreshed in response to changes.",,0.8113324642181396
192,vector,04381e94dbd1efb472273a26,69b887b0ec25c98173fc0d2c,Architect or Assembler: Your Role in the AI Future,"[SECTION]:
Angular rules

Persona
You are a dedicated Angular developer who thrives on leveraging the absolute latest features of the framework to build cutting-edge applications. You are currently immersed in Angular v20+, passionately adopting signals for reactive state management, embracing standalone components for streamlined architecture, and utilizing the new control flow for more intuitive template logic. Performance is paramount to you, who constantly seeks to optimize change detection and improve user experience through these modern Angular paradigms. When prompted, assume You are familiar with all the newest APIs and best practices, valuing clean, efficient, and maintainable code.

Examples
These are modern examples of how to write an Angular 20 component with signals

[CODE]:
import { ChangeDetectionStrategy, Component, signal } from '@angular/core';

@Component({
  selector: '{{tag-name}}-root',
  templateUrl: '{{tag-name}}.html',
  changeDetection: ChangeDetectionStrategy.OnPush,
})
export class {{ClassName}} {
  protected readonly isServerRunning = signal(true);
  toggleServerStatus() {
    this.isServerRunning.update(isServerRunning => !isServerRunning);
  }
}

.container {
  display: flex;
  flex-direction: column;
  align-items: center;
  justify-content: center;
  height: 100vh;
}

button {
  margin-top: 10px;
}

The slide exemplifies modern Angular 20 component development by integrating signals and the OnPush change detection strategy to optimize reactive state management and performance. It highlights a developer persona focused on clean, maintainable code using standalone components and the latest Angular paradigms. Complementing this, the transcript explains the use of an experimental Model Context Protocol (MCP) server released by the Angular team, which facilitates seamless interaction with external resources like APIs and databases through a unified interface. This approach enhances flexibility and efficiency in managing dynamic data and state within Angular applications. The MCP server concept aligns with the slide’s emphasis on reactive and modular design, showcasing how advanced tooling and protocols can support developers in building scalable, performant Angular components. Together, the slide and transcript underscore best practices for leveraging Angular 20’s new features alongside innovative backend integrations to streamline development workflows and maintain high code quality.",,0.8112211227416992
193,vector,ec8de39dac90e93f9fd00a92,69b9424de63ce3f9eef2611f,Optimizing Angular Applications - Techniques for Performance Excellence,"[SECTION]:
Performance Impact

○ Zoneless Angular environment with Signals
○ Minimal overhead
○ Significant performance improvement
○ Signal based components

The zoneless Angular environment leverages Signals as a core mechanism to enhance performance by minimizing overhead and streamlining state management. This approach marks a significant shift from traditional Angular change detection strategies, such as OnPush, which involves constant tracking and checking of component trees. Unlike OnPush, which requires manual triggers to force change detection after updates, Signals enable automatic and efficient updates by tracking dependencies more precisely. This reduces unnecessary processing costs and improves rendering efficiency. By adopting signal-based components, Angular applications can achieve more stable and predictable performance, especially in complex scenarios where managing change detection manually can be cumbersome. The zoneless architecture thus provides a foundational improvement, allowing developers to build faster, more responsive applications with less boilerplate and better control over update cycles.",,0.810854434967041
194,vector,5670cf76e5c393a3b6515e77,69b1f329723939c24c7cae47,"State-Chaos stoppen: Fully-Cycle Reactivity mit NgRx Signal Store, Signal Forms & Mutation API","[SECTION]:
@ngrx/signals

The sources for this package are in the main NgRx repo. Please file issues and pull requests against that repo.

Keywords

Angular NgRx Signals Signal Store Signal State State Management

Provenance

Built and signed on GitHub Actions
Source Commit github.com/ngrx/platform@7819972
Build File .github/workflows/release.yml
Public Ledger Transparency log entry

Install

> npm i @ngrx/signals

Repository
github.com/ngrx/platform

Homepage
github.com/ngrx/platform#readme

Weekly Downloads
483,611

Version
21.0.1

License
MIT

The @ngrx/signals package is a rapidly growing Angular state management library focused on reactive signal-based handling. With version 21.0.1, it integrates seamlessly into Angular applications, offering a modern approach to state management. The package's popularity is evident from its impressive weekly download count of over 480,000, which has more than doubled in the past year, indicating strong community adoption and trust. Alongside the core library, companion tools also show steady growth, reinforcing the ecosystem's vitality. The slide highlights essential metadata such as installation commands, repository links, and keywords like Angular, NgRx, and Signal Store, emphasizing its role in managing reactive state. Provenance details and continuous integration via GitHub Actions ensure transparency and reliability. This combination of robust usage metrics and comprehensive tooling positions @ngrx/signals as a compelling choice for developers seeking efficient, signal-driven state management in Angular.",,0.8103988170623779
195,vector,v5d8o8D4LhLAy4zov,69b99f6ee63ce3f9eef2c060,Change Detection: A Deep-Dive Into Angular's Rendering Model,"[SECTION]:
OnPush Behavior
Zone-free
Fine-grained CD
No Control Flow Structural Directives
Standalone

Speculation

The slide outlines key attributes of a signal system, emphasizing OnPush behavior, zone-free operation, fine-grained change detection, and the absence of control flow structural directives, with standalone capability marked as speculative. This aligns closely with upcoming changes in Angular 18, where the framework introduces a zone-less experimental mode by removing Zone.js, a core element previously responsible for change detection and DOM communication. This shift necessitates a deeper understanding of change detection mechanics and encourages developers to adapt their code to function without Zone.js. The introduction of signal components simplifies this transition, enabling more efficient and explicit change detection. The green shading on the slide differentiates confirmed features from those still under consideration, reflecting the evolving nature of Angular's reactive system. Overall, the slide captures foundational concepts that are critical as Angular moves toward more performant, zone-free reactive architectures.",,0.8098008632659912
196,vector,5670cf76e5c393a3b6515e77,69b1f329723939c24c7cae4a,"State-Chaos stoppen: Fully-Cycle Reactivity mit NgRx Signal Store, Signal Forms & Mutation API","[SECTION]:
Package: @ngrx/signals
Install: npm i @ngrx/signals
Repository: github.com/ngrx/platform
Homepage: github.com/ngrx/platform#readme
Version: 21.0.1
License: MIT
Weekly Downloads: 483,611
Source Commit: github.com/ngrx/platform@7819972
Build File: github/workflows/release.yml
Public Ledger: Transparency log entry
Related terms: NgRx, Signals, Signal Store, Signal State, State Management

The @ngrx/signals package is a key part of the NgRx platform, designed to enhance reactive state management in Angular applications. With version 21.0.1 and an MIT license, it enjoys strong community adoption, evidenced by over 480,000 weekly downloads and a steady growth trend, indicating increasing trust and usage. The package integrates tightly with Angular's reactive paradigms, providing a Signal Store that acts as a class-based service for managing state reactively. This store supports a clean architecture where state is readable internally but immutable externally, promoting predictable state changes. The slide also references the package's provenance through links to its repository, source commits, and build transparency logs, reinforcing its open-source reliability. Together, these details highlight the package's role as a robust, well-supported tool for developers seeking efficient, scalable state management solutions within the Angular ecosystem.",,0.8094186782836914
197,vector,heHyAodHSRfj6AG3L,69b996b1e63ce3f9eef2b816,The Internal Magic of Angular Signals,"[SECTION]:
APIs for automatic Signal creation
flight = input()
Computed Signal
selected = model()
Proxy Signal
@for (flight of bookingFeature.flights(); track flight.id) { }
Reactive @for provides Signals to trigger the Embedded Views

Important for future browser updates
Signal-based Change Detection w/o Zone.js or combined with Zone.js
Signal-Reads trigger a Change Detection processing only

The concept of signal-based components in Angular revolves around reactive primitives designed to optimize state management and change detection. Angular's signal APIs include computed signals, created with the computed() function, which derive state from other signals, and proxy signals, created with model(), enabling reactive state updates. The reactive @for directive iterates over dynamic data such as flights from bookingFeature.flights(), tracking unique flight IDs to efficiently update embedded views. Angular's signal-based change detection is designed to work seamlessly with or without Zone.js, preparing for future browser optimizations. The updating logic ensures that consuming implementations are informed synchronously when signals change, avoiding unnecessary updates when values remain the same. This approach enhances performance by triggering change detection only when needed, leveraging the reactive context and automatic subscription management behind the scenes. Signals thus provide a streamlined, synchronous reactive model that integrates well with Angular's ecosystem and upcoming browser capabilities.",,0.8091297149658203
198,vector,FbZaQh9LZy2pJdLQz,69b93971e63ce3f9eef2566d,Towards Modern Change Detection in Angular,"[SECTION]:
Change Detection Improvements

Issues

Changes have to be found
Runs too often

Angular 17
Exclude Components
OnPush
Local CD
Signals & OnPush

Angular 18
Zoneless
With zone.js as ""Hybrid Mode""

Angular ?
Signal Components
CD on View-Level

This slide presents a timeline of improvements in Angular's change detection mechanism, focusing on addressing two main issues: the need to detect changes and the problem of change detection running too often. It contrasts solutions introduced in Angular 17, Angular 18, and anticipated future versions. Angular 17 introduced 'Exclude Components' using OnPush strategy and 'Local CD' combining Signals and OnPush. Angular 18 brought the 'Zoneless' mode, which works with zone.js as a hybrid mode to reduce unnecessary change detection cycles. The future Angular version is expected to implement 'Signal Components' enabling change detection at the view level. The slide visually maps these improvements against the issues they address, highlighting the evolution from component exclusion to fine-grained signal-based detection, thus improving performance and efficiency in Angular applications.",,0.8073215484619141
199,vector,a61d19f6264fbfdc8c1b46fc,69b8a6bcec25c98173fc2013,Signals und die neue Resource API in Angular: 3 Effektive Regeln für Deine Architektur,"[SECTION]:
Fine-Grained Change Detection

Zone-less!

[IMAGE]:
A hierarchical tree diagram with multiple red rectangular nodes connected by arrows, illustrating a component or data dependency tree. On the right side, an oval labeled 'Signal' points to a specific node in the tree, indicating a direct trigger for change detection at that node. The diagram visually represents how fine-grained change detection bypasses global zone checks by targeting specific nodes for updates.

The slide illustrates fine-grained change detection in Angular applications using a zone-less approach, centered around a hierarchical tree of component or data dependencies. This method replaces Angular's traditional zone-based change detection, which relies on the Zone.js library to detect when event handlers run but lacks precise knowledge of what changed. Instead, Angular now employs Signals, a mechanism that wraps state values and explicitly notifies Angular about specific changes. Signals provide getters and setters to read and update values, allowing Angular to target updates precisely at affected nodes in the dependency tree. This eliminates the need for global checks, improving performance and responsiveness. Since Angular 20.2, zone-less change detection using Signals is the default for new applications, enabling more efficient and predictable updates by focusing only on the parts of the component tree that actually changed.",,0.8062384128570557
200,vector,FbZaQh9LZy2pJdLQz,69b93970e63ce3f9eef25669,Towards Modern Change Detection in Angular,"[SECTION]:
Change Detection Improvements

Issues

Changes have to be found
Runs too often

Angular 17
Exclude Components
OnPush
Local CD
Signals & OnPush

Angular 18
Zoneless
With zone.js as ""Hybrid Mode""

This slide compares change detection improvements between Angular 17 and Angular 18, focusing on addressing two main issues: the necessity to find changes and the problem of change detection running too often. It highlights specific techniques introduced in each version to optimize change detection. Angular 17 introduced 'Exclude Components' using OnPush strategy and 'Local CD' combining Signals and OnPush to efficiently detect changes. Angular 18 further advances this with a 'Zoneless' approach, which operates with zone.js in a 'Hybrid Mode' to reduce unnecessary change detection cycles. The slide visually organizes these improvements along a timeline from Angular 17 to Angular 18, linking each solution to the issue it addresses, thus providing a clear overview of the evolution in Angular's change detection mechanisms.",,0.8053798675537109
201,vector,0747f0655ef3790a97eba95b,69b8e8dfec25c98173fc3c51,How to architect Angular apps in 2025,"[IMAGE]:
A diagram illustrating Angular's signal-based change detection with a component tree. Components are shown as boxes connected by arrows indicating hierarchy. A green oval labeled 'Signal' points with dotted arrows to two yellow-highlighted components labeled 'Component' with 'view - view' text, indicating these components' views are updated. Other components are gray and not highlighted, showing they are unaffected by the signal. The diagram visually explains how signals selectively trigger change detection in specific components rather than the entire tree.

Angular's signal-based change detection introduces a more efficient mechanism for updating the UI by directly linking signals to the components that depend on them. Unlike traditional change detection, which may check the entire component tree or rely on on-push strategies requiring manual configuration, signals allow components to automatically subscribe to reactive data sources. When a signal's value changes, Angular precisely identifies and re-renders only those components that consume that signal, eliminating unnecessary checks and updates. This approach removes the need for Zone.js, as Angular inherently tracks dependencies between signals and components. The diagram illustrates this selective update process, highlighting components in yellow that are refreshed in response to signal changes, thereby optimizing rendering performance and simplifying state synchronization within the component hierarchy.",,0.8053488731384277
202,vector,MR6s4jPKLW9dDD5b3,69b9920ee63ce3f9eef2b2f6,useSignal() — A Revolution in State Management,"[SECTION]:
Signals in web frameworkds have existed in Knockout way back in 2010.

[SECTION]:
Ryan Carniato who ‘reignited’ signals said that Solid “came out of the desire to continue to use the fine-grained reactive patterns I’d come to love from Knockout.js.”

Signals, a concept foundational to reactive programming, have roots dating back to around 2010 with Knockout.js, where they were introduced as observables enabling automatic UI updates in response to data changes. This early implementation laid the groundwork for fine-grained reactivity, allowing data changes to reflect seamlessly without manual intervention. Ryan Carniato, creator of Solid.js, revitalized this concept by designing a framework that embraces these fine-grained reactive patterns, emphasizing efficient and precise updates only to components accessing the signal state. His work sparked renewed interest in signals, leading to widespread adoption across modern frameworks like Vue, Svelte, React (via libraries), Angular (version 16), and Qwik, each adapting the core principles with their own syntax. This historical continuity highlights the evolution of signals from their early inception to their modern resurgence, underscoring their role in improving developer experience and application performance through predictable, scalable state management.",,0.8036198616027832
203,vector,dbf95254ff0de39437b2fc09,69b15021c1f36e34206bad8d,AI-ngular: AI Takes Center Stage with Angular 21,"Signal-based forms are likely to change in a few areas based on user feedback. However, the current release represents an important step toward Angular’s future.",2026-02-24,0.7999196804503447
204,vector,13fa063c63e80c4f8952ddb8,69b14f67c1f36e34206bab8c,Modern Angular Is Easier Than React,"The Turning Point: Signals, Standalone APIs, and a Radically Simpler Architecture

Over the last three years, Angular has experienced a profound transformation, arguably the most significant in its history. What was once perceived as a complex enterprise framework has become streamlined, intuitive, and remarkably lean. This evolution is not cosmetic. It is architectural.

The introduction of Standalone Components marked the beginning of a cultural shift inside the framework. For the first time, Angular allowed developers to build without NgModules, dramatically reducing boilerplate and making the development experience more direct and predictable. The mental model became clearer: a component is now the primary unit of behavior, not a structural wrapper.

The second turning point arrived with Signals, a new reactive paradigm designed into the core of Angular. Rather than relying on invisible reactivity or layered abstractions, Signals expose a clear, explicit, synchronous flow of data and rendering. Developers can finally see reactivity as it happens, reason about it, and control it without guesswork. The framework’s entire change detection strategy is shifting toward a more understandable and deterministic model.

Meanwhile, the gradual move toward a zoneless runtime, alongside ergonomic improvements in routing, forms, server-side rendering, and hydration, has erased many of Angular’s historical pain points.

Taken together, these changes represent a decisive redesign of Angular’s developer experience.
Not a patch, not an incremental fix, a reframed identity.

Modern Angular is no longer the heavy framework developers remember. It is fast, intentional, elegant, and surprisingly easy to adopt.",2026-02-24,0.7944608486632353
205,vector,dbf95254ff0de39437b2fc09,69b15021c1f36e34206bad9c,AI-ngular: AI Takes Center Stage with Angular 21,"Angular 21 - Conclusion

Angular remains relevant and continues to successfully modernize with ongoing development on the Signals concept. Given that there’s currently a proposal for the ECMA standard to include a signals API based on Angular in the JavaScript standard itself, the excellent pioneering work is clear (https://github.com/tc39/proposal-signals). Successfully integrating AI’s potentials for code generation, validation, and, last but not least, front-end connectivity make Angular appear to be ideally positioned for both current and future requirements.",2026-02-24,0.7879415310362822
206,vector,dbf95254ff0de39437b2fc09,69b15021c1f36e34206bad93,AI-ngular: AI Takes Center Stage with Angular 21,"A long-standing goal for further Angular development is to eliminate its dependency on the Zone.js library. Zone.js was originally developed to automatically determine when a change detection run is required in Angular. To do this, browser APIs are patched so that incoming WebSocket messages are processed in the correct “zone,” allowing Angular to detect changes in state and update the browser DOM. This concept is fundamental to Angular, but it has its pitfalls. It’s excellent so long as it works, but it’s difficult to analyze and debug when something doesn’t work as expected. Unnecessary change detection executions lead to reduced performance. The goal is to create a more explicit API that provides better control over state changes and change detection executions.

“Zoneless change detection” was marked “stable.” in the latest release. In Angular CLI 20.3, users were already asked whether they wanted to create a “zoneless” application when creating new applications. With version 21, the Angular team goes one step further. Zoneless is now the default, and Angular CLI creates new applications without direct zone.js integration from the outset. To continue supporting zone.js mode in existing applications, the provider option “provideZoneChangeDetection({ eventCoalescing: true })” has been added to the AppConfig or AppModule via automatic migration.

This can become a problem for developers creating a new application using libraries or third-party components if the libraries continue using Zone.js or rely on Zone.js due to old APIs. This can lead to inconsistent behavior, with the display and the actual component state diverging from each other because no update takes place. The only solution is to manually reactivate Zone.js, make a note on the list of technical debts, and report feedback to the library’s producer.

Web application development always includes styling and layout. There are several styling and style preprocessor integrations in Angular CLI to directly integrate this aspect into Angular CLI projects, such as CSS, SCSS, and LESS. In Angular CLI 21, Tailwind as a CSS framework now also has a direct connection in the CLI. Tailwind integration can now be directly selected when creating a new application using “ng new”.

Some time ago, the Angular team made the module system an optional part of Angular. This means that this complexity is no longer imposed on everyone who wants to start using Angular. But some Angular APIs still use the module system, such as CommonModule, which contains all standard pipes (e.g., asyncPipe) and directives (e.g., ngIf).

Although these elements can in principle already be used as standalone components, there was no migration for them yet. This has now been added, see Listing 3. An example of the application can be seen in Listings 4 and 5.",2026-02-24,0.786955193374539
207,vector,0f7ecec67931edb278bf74bf,69b3e108df13a192b75c4366,"Angular 21: Signal Forms, Smart Styling, MCP & Beyond","Angular v21 marks a historic architectural shift, completing the framework’s transition to a Signals-first, zoneless core that redefines reactivity, performance, and developer experience. This article explores the new Signal Forms API and introduces Smart Styling, which is Angular’s native approach to class and style bindings for maximum clarity and efficiency. You will also discover how the emerging Model Context Protocol (MCP) Server integrates AI directly into the Angular CLI, paving the way for intelligent, context-aware code generation and automated migrations in future releases.",2025-12-16,0.7866443191619902
208,vector,309ab12be3de9827720724c4,69b15075c1f36e34206bae9b,Vitest: The New Default Testing Solution in Angular,"2. Testing Signals and Effects

Angular 21 relies heavily on Signals. Because Signals are synchronous by nature, tests often become simpler. However, testing Effects requires a trick because they run asynchronously during the change detection cycle.",2026-02-24,0.7863100326905499
209,vector,dbf95254ff0de39437b2fc09,69b15021c1f36e34206bad9e,AI-ngular: AI Takes Center Stage with Angular 21,"Angular Signal Forms

A very significant—and certainly welcome—innovation in Angular is the “Signal”-based forms. But be careful, as these are still experimental, and it’s possible that details regarding their use may still change. However, we can assume that the basic concept will remain. Angular relies too heavily on the Signal architecture for it to be dropped again in the short term. Now the feature will be used to evaluate how Signal-based forms perform in Angular and where improvements are needed.

The goal of Signal Forms is to intuitively configure reactive forms declaratively and assign them to logic and state accordingly. Similar to “ReactiveForms,” templates should not contain any logic; logic should only be stored in type-safe TypeScript code. The validators to date will be replaced by declarative schema functions.

Signal forms are also intended to bridge the gap between Angular template-driven forms and Angular reactive forms. Until now, these have been fundamentally different in implementation, significantly contributing to the Angular framework’s complexity. If signal forms prove successful, it’s possible that they’ll replace the other two approaches in the long term.

For those needing to maintain and extend existing applications, you should know that interoperability with existing Reactive Forms in Angular has been emphasized. This should allow for a gradual, smooth migration.

Let's take a look at the new, experimental API:

The basic elements are the “form()” function, which creates a “FieldTree,” and the “[field]” directive, which assigns the field from the FieldTree to each form input. Listing 12 shows a simple contact form with a “contactModel” signal that provides the model data. This signal is directly linked to the state of the FieldTree and the individual UI fields by the form() function. This means that updates in the input fields are entered directly in the contactModel, and changes made to the contactModel signal are forwarded directly to the input fields. If the contactModel signal contained a nested object, the form would actually take on the same nested structure. It’s also important to note that the model object should not contain any optional properties, since no field is created in the FieldTree for non-existent properties.",2026-02-24,0.7853441990266095
210,vector,0f7ecec67931edb278bf74bf,69b3e106df13a192b75c434f,"Angular 21: Signal Forms, Smart Styling, MCP & Beyond","The Signals-First Revolution and the New Architectural Core

Angular v21 does not merely introduce a new set of features; it completes a fundamental architectural revolution, decisively marking the framework's entrance into a Signals-first, zoneless paradigm. This release resolves the historical performance and complexity bottlenecks that often accompany large-scale Angular applications, positioning the framework for superior runtime performance and a dramatically improved Developer Experience (DX).

The most profound shift lies in the near-complete transition from the coarse-grained, Zone.js-based change detection to a model of fine-grained reactivity driven by Signals. The traditional approach, which relied on Zone.js to patch browser asynchronous APIs, often resulted in unnecessary re-checks across the entire component tree after any async event.

Angular v21 finalizes the stability of its zoneless APIs, allowing applications to operate without this performance-limiting layer. This architectural change immediately results in smaller application bundles, faster startup times, and minimal runtime overhead, as the framework updates only the specific view nodes that depend on the changed signal value. This move aligns Angular with the highest performance standards set by other modern frameworks.

Complementing this performance core is the continued maturation of the standalone architecture. By making standalone components and APIs the default for new applications, Angular v21 dramatically reduces reliance on NgModules, cutting down on boilerplate and streamlining project structure. This modular approach is vital for enterprise teams utilizing Micro-Frontend Architectures, enabling components to be easily portable and consumed across different applications. The release simplifies essential, common development tasks. For instance, HttpClient is now included by default for standalone projects, removing a small but persistent friction point for developers.

These architectural advancements, Signals, zoneless readiness, and standalone stability, are the essential groundwork that enables the two major feature highlights of the release: the highly anticipated Signal Forms and the substantial ergonomic improvements to Smart Styling. These features move beyond simple updates, offering new patterns that will redefine component authorship and state management in Angular applications moving forward.

Looking ahead, the framework is strategically positioned in two key areas. First, the experimental work on the Angular CLI MCP Server is set to mature, paving the way for advanced AI-powered workflows in subsequent releases. This will allow sophisticated models to interact directly with the CLI's internal tools to perform context-aware code generation, migration, and style adherence. Secondly, the successful transition of Forms to Signals now dictates the future of other packages. Subsequent major versions will focus on rolling out signal-based APIs for the Router and HttpClient (including the stabilization of the resource function), leading to a unified, end-to-end reactive data flow that completely simplifies asynchronous state management across the entire application. The future is an Angular where reactivity is not an optional add-on, but the fundamental, high-performance core of every component and service.",2025-12-16,0.7832442318054228
211,vector,f8ea775f795a719bbb02a569,69bacdd86a6ef599965efaf0,"Angular 21: Signal Forms, Smart Styling, MCP & Beyond","Angular 21: Signal Forms, Smart Styling, MCP & Beyond

Angular v21 marks a historic architectural shift, completing the framework’s transition to a Signals-first, zoneless core that redefines reactivity, performance, and developer experience. This article explores the new Signal Forms API and introduces Smart Styling, which is Angular’s native approach to class and style bindings for maximum clarity and efficiency. You will also discover how the emerging Model Context Protocol (MCP) Server integrates AI directly into the Angular CLI, paving the way for intelligent, context-aware code generation and automated migrations in future releases.",2025-12-18,0.7726739360227842
212,vector,e8463276c25a9a889f842e96,69b3e1dddf13a192b75c4c12,What’s New in Angular 21?,"Signal Forms

Angular 21 introduces Signal Forms, an experimental but promising feature that offers a fresh, declarative, and reactive way to manage form state using signals. To better understand how Signal Forms work in practice, let’s walk through the basic steps of creating one, starting with defining your form’s state as a signal.",2025-12-16,0.7715610061663289
213,vector,a60f8a6e1068dfea2be3333e,69b3e1a4df13a192b75c49d1,Inside Angular 21: A New Reactive Core for the Modern Web,"In this in-depth interview, Riccardo Degni outlines how Angular 21 completes the shift to Signals as the framework’s unified reactive primitive while delivering a production-ready zoneless architecture. He details the release’s standout features from Signal Forms and improved template control flow to incremental hydration and the new CLI MCP server. The result is a leaner, faster, and far more modern Angular that sets the groundwork for rapid innovation in upcoming releases.

Ines Chargui: How does Angular 21 reflect a shift in the broader Angular ecosystem in terms of architecture, developer experience, or performance?

Riccardo Degni: Angular v21 reflects a decisive shift that aligns the framework with modern, lightweight, and fine-grained reactivity models adopted by leading competitors, while simultaneously simplifying its own often-perceived complexity. This move primarily addresses performance, bundle size, and Developer Experience (DX). The introduction of Signals and the maturation of the zoneless approach fundamentally alter Angular's core architecture and its position in the ecosystem.

Angular's traditional change detection relied on Zone.js to patch asynchronous browser APIs (like setTimeout, addEventListener, fetch). This created a single, coarse-grained context that triggered change detection across the entire component tree after any asynchronous operation. This led to unnecessary checks, increased runtime overhead, and a larger application bundle.

Again, Angular v21 solidifies the shift towards Signals as the primary reactive primitive and the goal of being zoneless. Signals provide fine-grained reactivity, meaning the framework only re-renders the specific components or DOM parts that depend on the changed signal's value. This results in dramatically reducing bundle size and startup time and superior runtime performance, eliminating redundant change detection cycles, leading to faster updates, smoother animations, and better battery life on mobile devices. This places Angular on par with frameworks like React and SolidJS that pioneered this model.

Moreover, the v21 release continues the trend of reducing boilerplate and cognitive overhead, simplifying the Angular learning curve to match the expectations set by lighter-weight frameworks. By making standalone components the default for new applications, v21 minimizes the reliance on NgModules. This simplifies project structure, improves tree-shaking (further reducing bundle size), and makes components directly portable, which is critical for Micro-Frontend Architectures.

Features like the built-in structural directives (@if, @for, @switch) are now fully mature, offering a more intuitive, JavaScript-like syntax that improves template readability and eliminates the need for the often-confusing * prefix.

Finally, integration of Signals with new APIs (e.g., potential resource() APIs) simplifies managing async state compared to the traditional, sometimes complex, use of RxJS observables for simple component state.

Ines Chargui: What are the standout features and improvements in Angular 21?

Riccardo Degni: The standout features of Angular v21 are centered on completing the Signals transition, streamlining development essentials, and enhancing performance tooling. The following is a complete summary of the most important features that Angular v21 brings to the table.

Signal Forms (Preview/Stable):

A new, streamlined, and signal-based API for handling forms (replacing or complementing traditional FormGroup/FormControl). It simplifies form reactivity, improves type safety, and natively integrates with Angular's new change detection model. This is an important step to eliminate the last major non-signal-based part of the framework's core, ensuring developers have a single, coherent mental model for reactivity.",2025-12-16,0.7664612327593465
214,vector,0f7ecec67931edb278bf74bf,69b9db9b0efa2c2180a0e6df,"Angular 21: Signal Forms, Smart Styling, MCP & Beyond","Angular 21: Signal Forms, Smart Styling, MCP & Beyond - How Angular 21 Redefines Reactivity, Performance, and AI-Driven Development

Angular v21 marks a historic architectural shift, completing the framework’s transition to a Signals-first, zoneless core that redefines reactivity, performance, and developer experience. This article explores the new Signal Forms API and introduces Smart Styling, which is Angular’s native approach to class and style bindings for maximum clarity and efficiency. You will also discover how the emerging Model Context Protocol (MCP) Server integrates AI directly into the Angular CLI, paving the way for intelligent, context-aware code generation and automated migrations in future releases.",2025-12-16,0.7635475193041463
215,vector,e8463276c25a9a889f842e96,69b3e1dddf13a192b75c4c0f,What’s New in Angular 21?,"Angular 21 introduces a new era of efficiency and developer-friendly design. With experimental Signal Forms and default zoneless change detection, this release focuses on performance and reactivity. Let's explore how these updates shape the framework’s future and simplify everyday development.

If you’ve been following Angular’s journey, version 21 brings some fresh air with features that many developers have been waiting for. The long-awaited Signal Forms are finally arriving. Although they’re experimental, this feature gives a glimpse into a smoother, more reactive approach to handling forms in Angular. Meanwhile, zoneless change detection is now enabled by default, boosting the framework’s performance and making your life easier. Let’s go over some of the cool updates coming in Angular 21.",2025-12-16,0.7620976959246297
216,vector,a60f8a6e1068dfea2be3333e,69b3e1a4df13a192b75c49d0,Inside Angular 21: A New Reactive Core for the Modern Web,"Ines Chargui: With the move towards more explicit reactivity, how should developers rethink component architecture, state management, and side-effect handling?

Riccardo Degni: The move toward explicit reactivity via Signals in Angular v21 necessitates a fundamental shift in how developers conceptualize component architecture, manage application state, and, most critically, handle side effects. This paradigm emphasizes declarative data flow and isolation over imperative control.

In terms of component architecture, the Signal model strongly reinforces the dumb component / smart component pattern, or what is often now termed the container/presentation pattern. Components should become much leaner, primarily relying on Signal-based inputs to receive their data and using computed() signals to derive all local state transformations. By using Signals, developers eliminate the need for manual change detection calls and verbose lifecycle hooks for UI updates, resulting in highly performant components that only re-render when the specific data they consume changes. This fine-grained, component-local reactivity significantly simplifies the component's internal logic.

For state management, the thinking should pivot to a tiered approach. Simple, localized UI state should live entirely within the component using native writable signals. For shared, feature-level state, the best practice is to centralize it within an injectable service. This service should expose the state exclusively as read-only signals to components, ensuring that state mutation logic remains strictly encapsulated within the service’s private methods. This prevents components from bypassing the service’s update rules, maintaining a true Single Source of Truth. This approach is highly performant and scalable, often allowing teams to defer adoption of heavy third-party state libraries until extreme complexity mandates it.

Finally, side-effect handling must be approached with extreme caution. Side effects, which include tasks like data fetching, logging, or writing to local storage, are actions that occur outside of state derivation. Angular provides the effect() primitive for this purpose, but it must be treated as a last resort for non-state-related work. Developers must strictly avoid using effect() to mutate other signals or orchestrate state changes, as this is an anti-pattern that can lead to hidden dependencies, race conditions, and asynchronous debugging nightmares.

Instead, derived state must always be modeled using the synchronous and memoized computed() function. For managing asynchronous operations like API calls, developers should leverage the built-in toSignal utility or the new resource function, which cleanly integrates RxJS observables into the Signal ecosystem while providing automatic error and loading state management.

Ines Chargui: Are there any inderrated Angular 21 features or best practices that developers should use to get the most out of the release?

Riccardo Degni: While the headlines focus on Signals and zoneless performance, Angular v21 includes several subtle yet powerful features and best practices that development teams should proactively adopt to achieve maximum application performance and code quality.

One significant, often-overlooked best practice is the full adoption of functional programming utilities facilitated by the injection context. Features like the inject() function and functional component inputs, outputs, and model bindings are not just syntactic sugar; they enable the use of functional services that lack a constructor. This style of programming promotes cleaner, more reusable logic that is easily testable and significantly improves the clarity of dependency flow compared to the traditional class-based constructor injection.",2025-12-16,0.7593458686846395
217,vector,926a03e064fbaa4369333fba,69bacdd46a6ef599965efacf,What’s New in Angular 21?,"What’s New in Angular 21?

Angular 21 introduces a new era of efficiency and developer-friendly design. With experimental Signal Forms and default zoneless change detection, this release focuses on performance and reactivity. Explore how these updates shape the framework’s future and simplify everyday development.",2025-12-18,0.7584448768034239
218,vector,0f7ecec67931edb278bf74bf,69b3e106df13a192b75c435e,"Angular 21: Signal Forms, Smart Styling, MCP & Beyond","Conclusion

Angular 21 represents a pivotal step in the framework’s evolution, solidifying its commitment to performance, simplicity, and developer experience. By embracing Signals for state management and modernizing its core architecture, Angular offers developers a powerful, yet increasingly streamlined, platform for building robust applications. These updates reduce boilerplate, improve runtime performance, and ensure that Angular remains a top-tier choice for scalable, enterprise-level development.

By now, developers are better equipped than ever to focus on solving complex business problems with clean, efficient, and maintainable code.",2025-12-16,0.7549420391100545
219,vector,e8463276c25a9a889f842e96,69b9dba70efa2c2180a0e77a,What’s New in Angular 21?,"What’s New in Angular 21? - Discover the key features, improvements, and changes coming with Angular 21

Angular 21 introduces a new era of efficiency and developer-friendly design. With experimental Signal Forms and default zoneless change detection, this release focuses on performance and reactivity. Explore how these updates shape the framework’s future and simplify everyday development.",2025-12-16,0.7527080570238729
220,vector,a60f8a6e1068dfea2be3333e,69b9dba50efa2c2180a0e768,Inside Angular 21: A New Reactive Core for the Modern Web,"Inside Angular 21: A New Reactive Core for the Modern Web - How Signals, Zoneless Rendering, and Incremental Hydration Reshape Angular’s Architecture and Developer Experience

In this in-depth interview, Riccardo Degni outlines how Angular 21 completes the shift to Signals as the framework’s unified reactive primitive while delivering a production-ready zoneless architecture. He details the release’s standout features from Signal Forms and improved template control flow to incremental hydration and the new CLI MCP server. The result is a leaner, faster, and far more modern Angular that sets the groundwork for rapid innovation in upcoming releases.",2025-12-16,0.746672967531075
221,vector,0f7ecec67931edb278bf74bf,69b3e106df13a192b75c434e,"Angular 21: Signal Forms, Smart Styling, MCP & Beyond","A Deep Dive into Signal Forms

The introduction of Signal Forms is perhaps the most highly anticipated and impactful feature of Angular v21, directly addressing the longstanding issues of complexity, verbosity, and leaky reactivity that plagued the previous Observable-based Reactive Forms API. This new system revolutionizes form handling by adopting a model-first, declarative approach that is inherently compatible with the new zoneless architecture.",2025-12-16,0.7465678249376912
222,vector,a60f8a6e1068dfea2be3333e,69b3e1a4df13a192b75c49d4,Inside Angular 21: A New Reactive Core for the Modern Web,"Production-Ready Zoneless APIs:

The official shift toward running applications without Zone.js, leveraging Signals for change detection. It's the culmination of years of work, offering a massive leap in performance and simplifying debugging (cleaner stack traces) by removing a complex layer of abstraction.

HttpClient by Default:

New standalone applications automatically include the necessary provider for HttpClient without requiring the manual import of HttpClientModule. It's a key improvement that reduces boilerplate for one of the most common development tasks, further cementing the standalone-first philosophy.

Improved Dynamic Styling with @if/@for:

Enhancements to directives like NgStyle and NgClass for seamless compatibility with the new, built-in template control flow syntax. It fixes previous awkwardness when mixing dynamic styling with the new control flow, making conditional and dynamic styling logic cleaner and more predictable in the template.

Angular ARIA Package Details:

Expected details and potential stabilization of the @angular/aria package, designed to automatically improve accessibility ergonomics. It helps developers write more accessible applications with less effort, a vital feature for large-scale and enterprise applications to meet WCAG standards.

New Angular MCP Server Tools:

Planned tools to enhance AI-powered workflows and code generation within the Angular ecosystem, likely leveraging LLMs. This is a forward-looking feature that positions Angular to embrace the next generation of development tooling, enabling scaffolding, boilerplate removal, and complex code generation via intelligent prompts, significantly boosting developer velocity.

Ines Chargui: Now that Signal Forms are included, which issues in the old forms API are they meant to address?

Riccardo Degni: The inclusion of Signal Forms directly addresses critical limitations and sources of complexity inherent in the previous, Observable-based Reactive Forms API. The move is aimed at improving developer clarity, performance, and maintenance.

The first major problem Signal Forms solves is the complexity and boilerplate associated with setup and reactivity management. The previous API required verbose instantiation of FormGroup and FormControl objects, coupled with managing state changes through RxJS Observables (valueChanges). This forced developers to manually subscribe to changes and, critically, remembering to unsubscribe to prevent memory leaks, a common pitfall. Signal Forms replaces this with a declarative, concise setup where form fields, values, and status are simply native Signals. This eliminates the need for manual subscriptions and complex stream management, enabling the UI to react automatically and efficiently when a signal changes.

Secondly, Signal Forms dramatically simplifies dynamic logic and integration with the zoneless architecture. In the past, implementing conditional validation or disabling fields often required imperative, boilerplate code: subscribing to one control’s value change and then manually calling methods like updateValueAndValidity() on another. Signal Forms allows conditional logic to be defined declaratively using computed() signals directly within the form definition, making cross-field logic simpler to write, easier to trace, and automatically reactive. Importantly, as native Signal primitives, Signal Forms natively support the zoneless environment, ensuring that form interactions trigger only the most minimal and necessary change detection cycles, maximizing performance.

Ines Chargui: How should development teams use the new CLI MCP server, and what safeguards or best practices come with exposing this kind of AI integration at the framework level?",2025-12-16,0.7446604763048787
223,vector,0ed04c3504fefd2cf1122f0c,69bacdd06a6ef599965efaba,Inside Angular 21: A New Reactive Core for the Modern Web,"Inside Angular 21: A New Reactive Core for the Modern Web

In this in-depth interview, Riccardo Degni outlines how Angular 21 completes the shift to Signals as the framework’s unified reactive primitive while delivering a production-ready zoneless architecture. He details the release’s standout features from Signal Forms and improved template control flow to incremental hydration and the new CLI MCP server. The result is a leaner, faster, and far more modern Angular that sets the groundwork for rapid innovation in upcoming releases.",2025-12-18,0.7425135089292784
224,vector,0f7ecec67931edb278bf74bf,69b3e106df13a192b75c435c,"Angular 21: Signal Forms, Smart Styling, MCP & Beyond","Now we have:

Direct Class Binding ([class.name]=""expression""):

Old Way: <div [ngClass]=""{'error': alertCount > 0}"">... required an external object evaluation or a dictionary-style input.
New Way: <div [class.error]=""alertCount() > 0"">... uses a direct property binding. Angular adds the class error only when the bound Signal expression is truthy. This is the simplest, most performant way to toggle a single class.

Native Style Binding ([style.property.unit]=""value""):

Old Way: <div [ngStyle]=""{'font-size.px': 16 + alertCount}"">... relied on the NgStyle directive.
New Way: <div [style.font-size.px]=""alertFontSize()"">... uses the native [style] binding. The .px suffix is an Angular feature that binds the unit directly to a number type, ensuring correct and efficient DOM manipulation without string concatenation boilerplate in the template.

Signal Integration:

Both the class and style bindings are consuming the results of signals (alertCount(), isDarkTheme(), and the derived alertFontSize()). Because these are native Signals, Angular's fine-grained reactivity ensures that if the alertCount updates, only the specific class and style properties related to the alert count will be re-evaluated and applied to the DOM, preserving maximum performance and avoiding unnecessary checks.

This declarative pattern, combining Signals with native bindings, is the essence of smart styling in Angular v21, leading to code that is more readable, maintainable, and highly optimized for the modern web.",2025-12-16,0.7361746822301158
225,vector,01c8312877cfd841d29411b4,69b3e43edf13a192b75c61f7,"Mehr Performance, weniger Komplexität","Warum Signals?

Die neue reaktive Reise hat mit Angular 16 begonnen und ist mit Version 21 nun schon sehr weit fortgeschritten. Signals sind allerdings kein vom Angular-Team erfundenes Konzept, sondern wurden 2016 von Ryan Carniato, dem „CEO of Signals“ und Entwickler von SolidJS, in die moderne Single-Page-Application-Welt gebracht [5]. Ihre früheren Wurzeln reichen zu Xerox und Bibliotheken wie Knockout zurück. Heute verwenden zahlreiche Frontend-Bibliotheken und Frameworks wie Vue, Preact und Qwik Signal-Konzepte. Mittlerweile wurde auch ein offizielles TC39-Proposal [6] veröffentlicht, mit dem das Ziel verfolgt wird, Signals zu einem ECMAScript-Sprachstandard zu machen. Das Angular-Team war daran beteiligt und hat auch die Referenzimplementierung bereitgestellt [7].

Seit Langem gibt es in der Angular-Community den Wunsch nach einer tieferen reaktiven Framework-Unterstützung. So kam es zur Etablierung des NgRx-Namespace, der genau dieses Ziel verfolgt. NgRx wurde anfangs vor allem für seine ereignisbasierte, reaktive State-Management-Implementierung nach dem Redux-Pattern bekannt. Allerdings stoßen NgRx und auch andere Bibliotheken von Drittanbietern spätestens dann an ihre Grenzen, wenn es um tiefere Framework-Integrationen wie Change Detection (mittlerweile „Synchronization“ genannt) oder Data Bindings geht. Letzteres erfordert auch eine Compilerintegration, damit die Rendering Engine Ivy korrekt angebunden werden kann. Aus diesem Grund war es notwendig, dass das Angular-Team die relevanten reaktiven APIs direkt in den Framework-Code einbindet.

Aus dem internen Evaluierungsprozess ist das Signals-Konzept als Sieger hervorgegangen, da es die gesetzten Ziele am besten umsetzen konnte:

Werte werden per Funktionsaufruf sofort – also synchron – zurückgegeben.
Signals können in bestimmten Fällen abhängigen Quellcode benachrichtigen, der daraufhin erneut ausgeführt wird, um
                     
                        
                           einen abgeleiteten Zustand zu ermitteln,
                        
                        
                           Side-Effects auszulösen oder
                        
                        
                           das UI zu aktualisieren.",2025-11-25,0.7347825516958364
226,vector,01c8312877cfd841d29411b4,69b3e43edf13a192b75c61f0,"Mehr Performance, weniger Komplexität","Die Angular APIs bringen die lang ersehnte Reaktivität inklusive Input-Bindings direkt ins Framework. Dadurch verändern sich viele Bereiche der Enterprise-Web-Frontend-Plattform. Die Synchronisation zwischen dem JavaScript-Zustand und dem gerenderten Browser-Inhalt wird performanter, zudem wird das Framework einfacher zu erlernen und leichtgewichtiger in der Verarbeitung. Dieser neue Stil erfordert aber weitgehend manuelle Refactorings, die speziell in großen Codebases entsprechend eingeplant werden müssen. Angular bietet hier Abwärtskompatibilität und stellt unterstützende Codegeneratoren bereit.

Die wichtigsten Angular-Signal-APIs sind nun für den produktiven Einsatz freigegeben (stable), weshalb jedes Entwicklungsteam ab sofort neue Features mit Signals ausstatten sollte. In einem Evaluierungsprozess hat das Angular-Team mehrere Konzepte bewertet, darunter auch RxJS und JavaScript Proxies, die hinsichtlich ihrer Eignung als neues „Reactive Primitive“ des Frameworks analysiert wurden. Das Signals-Konzept zeigte dabei die größte Übereinstimmung mit den Zielsetzungen. Doch was genau können Signals so besonders gut, dass sie sich sogar gegen RxJS durchsetzen konnten? Schließlich wird RxJS seit Angular-Version 2 als Drittanbieterbibliothek in jedem Angular-Projekt mitinstalliert.

Signals sind kein Universalwerkzeug wie RxJS samt all seinen Operatoren. Sie glänzen jedoch in Teilbereichen, die speziell für den Synchronisationsprozess zwischen Browser-DOM und JavaScript-Zustand verantwortlich sind. Zudem ist das (reaktive) Abrufen von Werten im Vergleich zu RxJS deutlich komfortabler. Vor allem wird der Wert immer synchron zurückgegeben, also sofort. Es gibt kein subscribe/unsubscribe und kein async/await – es genügt ein Funktionsaufruf und der im Signal verwaltete Wert steht schon typkonform bereit.

Ein wichtiges Kriterium ist auch, dass das Framework einfacher werden soll. Einfacher nicht im Sinne von weniger bereitgestellten Features, sondern hinsichtlich der Erlernbarkeit für Developer, die vor der Entscheidung stehen, auf welches Frontend-Framework sie sich in ihrer künftigen Karriere fokussieren wollen. Das ist für uns alle wichtig, denn nur wenn ausreichend ausgebildete Angular-Entwickler:innen auf dem Markt verfügbar sind, werden sich Unternehmen weiterhin für diese Plattform entscheiden. Würde Angular bei den bestehenden APIs bleiben, während andere Frameworks mutig neue Konzepte implementieren und etablieren, würde sich jeder Entscheidungsträger irgendwann die Frage stellen, ob Angular noch immer die beste Wahl für die eigenen Projekte ist. Das Angular-Team geht diesen mutigen Weg und ermöglicht es, Innovationen möglichst sanft in die eigene Codebase einzubauen und damit vergleichsweise wenige Breaking Changes zu verursachen.

Für jeden Breaking Change wird, wenn technisch möglich, ein Angular-CLI-Schematics-Generator angeboten, der die notwendigen Refactorings entweder vollautomatisch umsetzen kann oder bei der Migration zumindest Unterstützung anbietet. Im Fall von Signals gibt es mehrere Generatoren, die beim manuellen Refactoring helfen. Ein alternatives Beispiel für Update-Schematics, die den Umbau fast zu 100 Prozent automatisch bewerkstelligen können, sind die für den neuen Control Flow (@if, @for, @switch) [4].",2025-11-25,0.7315174092550405
227,vector,01c8312877cfd841d29411b4,69b3e43edf13a192b75c61f3,"Mehr Performance, weniger Komplexität","Werteupdates, die zum selben Resultat führen, lösen keine Benachrichtigung aus.
                     
                        
                           Bei Objekten wird die Referenz verglichen.
                        
                        
                           Immutable Updates sind hier also wichtig: Wird eine Property eines Objekts verändert, muss auch eine neue Objektreferenz erzeugt werden.

Als mit Version 16 die ersten Signal-APIs veröffentlicht wurden, waren auch noch mutable Updates für schreibbare Signals erlaubt. Dies wurde mit Version 17 – sinnvollerweise – korrigiert. Einen Wert zunächst durch Objektmutation zu verändern hat einen Preis, den man später bezahlen muss: durch einen aufwendigen Vergleich, der potenziell auf mehreren verschachtelten Objektebenen stattfindet und die Runtime-Performance beeinträchtigen kann.

Zudem hat die Version 17 grundlegende APIs wie signal() und computed() sowie andere relevante Signal APIs und -Typen aus dem Core-Paket als stabil definiert. Andere wichtige Features wie effect() und toSignal() sowie toObservable() aus dem RxJS Interop API wurden jedoch im Developer-Preview-Status belassen, da die interne Einplanung der Effects mehrfach angepasst werden musste. Auch dieses APIs wurden mit Version 20 in den stabilen Zustand überführt.

Dazwischen wurden mit Feature-Releases der Version 17 – endlich – signalbasierte, reaktive Bindings Realität: input() für readonly Property-Bindings und model() für schreibbare Two-way-Bindings. Ergänzend wurde mit output() auch noch ein Decorator-loses Event Binding API veröffentlicht, das aber keine Signals für die eventbasierte Kommunikation verwendet, sondern weiterhin einen EventEmitter.

Alle diese APIs wurden mit Version 19 stabil. Mit diesem Major-Release wurden auch das linkedSignal() und die Familie der Resource APIs eingeführt, um Signals als Trigger für asynchrone Prozesse zu verwenden, die nicht zwingend mit RxJS implementiert sein müssen, aber damit kompatibel sind. Während das linkedSignal() bereits mit Version 20 stabil wurde, sind die Resource APIs weiterhin experimentell. All diese Features werden im Rahmen dieses Artikels näher betrachtet.",2025-11-25,0.7249630440969594
228,vector,01c8312877cfd841d29411b4,69b3e43edf13a192b75c61fa,"Mehr Performance, weniger Komplexität","Links & Literatur

[1] https://angular.dev/reference/migrations/signal-inputs

[2] https://angular.dev/reference/migrations/outputs

[3] https://angular.dev/reference/migrations/signal-queries

[4] https://angular.dev/reference/migrations/control-flow

[5] https://dev.to/this-is-learning/the-evolution-of-signals-in-javascript-8ob

[6] https://github.com/tc39/proposal-signals

[7] https://github.com/proposal-signals/signal-polyfill/blob/main/src/signal.ts

[8] https://ngrx.io/guide/signals/rxjs-integration#rxmethod

[9] https://angular.dev/api/router/withComponentInputBinding

[10] https://github.com/mikezks/windev-signal-apis/blob/main/libs/domain/checkin/src/lib/feature-passenger/passenger-edit/passenger-edit.component.ts

[11] https://ngxtension.netlify.app

[12] https://github.com/mikezks/windev-signal-apis/blob/main/libs/shared/core/src/lib/util-signals/signal-operators.ts

[13] https://youtu.be/aKxcIQMWSNU?t=520

[14] https://github.com/mikezks/windev-signal-apis/blob/linked/libs/domain/booking/src/lib/ui-flight/flight-card/flight-card.component.ts

[15] https://github.com/mikezks/windev-signal-apis/blob/main/libs/domain/booking/src/lib/feature-flight/airport/airport.ts

[16] https://github.com/mikezks/windev-signal-apis/blob/main/libs/domain/checkin/src/lib/logic-passenger/data-access/passenger.service.ts

[17] https://github.com/mikezks/windev-signal-apis/blob/http-resource/libs/domain/checkin/src/lib/feature-passenger/passenger-edit/passenger-edit.component.ts",2025-11-25,0.7228475560376239
229,vector,0747f0655ef3790a97eba95b,69b49fbe75fc73e03aac8f6e,How to architect Angular apps in 2025,"The Angular team is going to remove change detection from the vocabulary of Angular, but it's more like synchronization. We want to synchronize the state of our data with the state of our components, what's displayed on the screen, because that's really what it is. Data changed, let's synchronize our components, done. That looks better than what we started from. But if we want this, we have to use signals and use them pretty much everywhere. The good news is Angular is helping with that. A lot of things have been happening lately to go all the way in that direction. Signal-based components: you probably notice that inputs, outputs, model, all of the content queries like future child content, child, all of these things now have functions like input and model that replace the old decorators. That's because all of these are signal-based so you can start using signals all over the place. The good news is you don't have to do the migration manually. There's actually a migration command to help. If I go to Angular dev, I think it's here in the reference migrations, I can make this a little bit bigger, but migrating to standalone versus components, migrating the new control flow, you can do that, migrating to the new inputs or outputs APIs or queries or signals versus migration for that, which are the Angular CLI commands we're familiar with. If you want to migrate to the new signal inputs, NG generate angular core signal input migration will go through all of your decorators, replace them with input signals, and do all the right things to make it happen. Nice and easy, takes one minute, maximum less if you copy-paste from here.",2025-10-01,0.7187487325764454
230,vector,e45840c0b8a784e3b3cf3be3,69b477cb75fc73e03aac6ff5,"RxJS, Signals and Native Observables: What Now?","When it comes to the events, you can use RxJS for that, especially if you want to do certain race management or race condition management, but you don't have to, so you can also use callbacks in some cases, that sometimes is also good. You really need to understand that we're talking about two different levels where signals are used and where RxJS is also used. Maybe just to explain why Angular in the very beginning said we need signals for zone-less. This comes from this illustration here. Because if you look at the way Angular was triggering change detection in the past, it was always event based, which is obvious. Angular was saying, look, in our application, we don't have an enforced state type, so I can use a property, I can use a behavior subject, I can use something else. We don't have a common type which represents state. Still, we as a framework need to know when the state has changed. So we need to go one level upwards, try to find it out indirectly by listening to events. This is what Zone.js was doing all the time. Zone.js said, look, I'm just managing, I'm listening to all the events. If an event happens, there is a chance that something in the state has changed, so I just run the change detection. That was the way for more than 10 years. The obvious idea is why is it so complicated? Why do you listen to the events? Just go directly down to the state and listen to state changes directly. Then you would skip certain events which don't do anything like a console.log or which just run too fast and you're running into the glitch-free effect. Just listen to the state. To achieve this, we need to provide a standardized data type which represents state. This is what signals are doing. They are the standard now, baked into the framework, which can tell the framework itself when they have changed, and then the framework can say, OK, now I can do the change detection depending on state changes. Very simple. That was the original idea, that's also why they said we need it to get rid of Zone.js because we don't have to listen to the events anymore. It then turned out that it's also easier in a different way or it can be managed in a different way, but this is the old way, and this is the new way where we have certain other criteria, but the end goal is not this, the end goal is this. That we are only listening to signal changes and nothing else anymore. This is the final goal of Angular. We are not there yet.",2025-10-28,0.7140701428190508
231,vector,df387f02fdf1c3c67daf2189,69b49d6775fc73e03aac8d08,Bringing Intelligence to the Edge: A Lightweight JavaScript ELM Library for Front-End Machine Learning,"The idea is when you use a signal, Angular knows about any code that depends on it. It builds a dependency graph on those signals and knows exactly what depends on these signals. When you change the value, everything that needs to change as a result is just known, so it can happen quickly. Along with signals came a whole bunch of new functions and features like components, inputs, outputs, can all be signal based. Now models, content queries, all of that is now signal based, which leads us to what do we do with RxJS, because RxJS is still a big part of Angular. You can find it in the router, you'll find it in forms, you'll find it in the HTTP client. That's a paradox. How do we use signals everywhere if the entry point for our data, which is the HTTP client, is using RxJS? The first quick and dirty, even though not so dirty, option was to just use toSignal. That's a function that takes an observable and turns it into a signal. There's the opposite function toObservable that turns a signal into an observable, but we don't use it somehow, I don't know. These two utility functions can be used. But even though they work, it still feels like not the perfect solution, not right to just do conversions and conversions of observables to signals.",2025-10-01,0.7101432425448947
232,vector,0747f0655ef3790a97eba95b,69b49fbe75fc73e03aac8f6c,How to architect Angular apps in 2025,"We've been doing that for years and we don't complain too much about it, but still doesn't seem like the most efficient way to do things. There's one optimization we have, and that's on push change detection. That requires us to change the config and say, Hey, I want that component to be on push. When you use on push, things are a little bit smarter because you can say, if the inputs of that component change, then you're going to refresh it. But if the input doesn't change, if there was no on push specific trigger that says that component is different now, it's not going to re-render. You can really have more control over which branch of your component tree gets updated when and how. But still it's not obvious. It requires knowing about that on push change detection and knowing what the different triggers are for it. Now we have signals. The beauty of signals is that when a component uses a signal, it kind of subscribes to it and Angular knows about it because a signal is an Angular primitive, part of the framework. It's not like an observable, it's not like a dumb event. It's an Angular thing. When a component starts consuming a signal, it becomes a dependency of that signal. When we have change detection and work with signals, it's perfect because if the signal value changes, the components that are impacted, Angular just knows it and it's going to ask them to re-render. Once you have signals in the picture, you don't need zone.js because Angular just knows which component changed.",2025-10-01,0.7053600988484181
233,vector,0747f0655ef3790a97eba95b,69b49fbe75fc73e03aac8f6b,How to architect Angular apps in 2025,"One of the things that started in v14 was NG modules, Angular modules. It's one of the things that if you come into the Angular world, you're like, why do we have that? React doesn't have that, Vue doesn't have that. Why do we have NG modules in Angular? Standalone fixes that. We remove NG modules pretty much, and you can just do your thing like you would do with other libraries or frameworks. RxJS is powerful, but it's scary. Trust me, I've taught Angular to thousands of people. When we get into RxJS, it's really difficult. I have to time when I teach RxJS in my Angular classes so that it's not right after lunch because that's too difficult, trying to have a break in between all of these things. That's how tricky it is. It takes months to get to the point where like, okay, I know these operators, I can do stuff with RxJS, but if you're brand new to Angular and you see all of these operators and stuff, it's scary. Signals kind of fix this. They simplify the way we do reactivity in Angular. You don't need to learn about operators, you don't need AsyncPipe, subscribe and subscribe. All of that stuff kind of goes away. Signals are a solution for that. NGIf, NGFor, all of these directives required extra imports like CommonModule. Now we have control flow blocks to fix that. It's part of the Angular compiler. There's no extra dependencies. There was no weird syntax like we had with NGIf. If you've tried NGIf else, that syntax was a little bit tricky and you had to know about ng-templates and you had to know about template reference variables, whereas now just if else, easy to understand. The goal is really making it easier to learn, easier to understand, make the syntax more pleasant to work with, which is always nice. Things like NGIf user | async as user, now can be let user = user | async. Then you can use local variables with let as a block and it just is easier to learn and understand. No need for NGContainer, no need for template reference variables, well not template reference directives. That's just easier to read. The new if else blocks are super easy, very consistent with what you have in all languages in the world, pretty much. No surprise here. Same with NGFor, with the added bonus of having the empty block. If your list is empty, you can decide to display an alternative template if you want, but it's optional. You don't need that if you don't want it. If we compare a simple Hello World app before, Angular 14, you needed at least an app module with an app component and import stuff like BrowserModule and so on just to display Hello World. Now if I take Angular 20, I'm down to just that because I don't have an app module anymore, I'm down to just my app component.",2025-10-01,0.6970054349995412
234,vector,1fed2c6361980d606789e315,69b3de86df13a192b75c2af3,"Manfred Steyer on Angular 20: Signals, Dynamic Components, AI, and What’s Next","And that’s true, everything you can currently do with Signals can also be achieved with RxJS. However, the main idea behind Signals is simplicity. They make common use cases easier to implement. They’re not as powerful as observables, but they’re more well-suited for new developers. Of course, if you’re implementing something more difficult and complex, you can still use RxJS.

Ines Chargui: What initially drew you to Angular? How did your Angular journey begin?

Manfred Steyer: I think it was sometime between 2010 and 2012 when I realized how valuable it is to get a lot of stuff out-of-the-box. Working in the JavaScript ecosystem at the time often meant combining several tools and technologies. Back then, I used Knockout.js for data binding, some jQuery libraries for UI, and had to rely on a completely separate tool set for testing—none of which felt particularly well. Eventually, I switched to AngularJS. Although AngularJS was a different framework from the modern Angular we know today, I soon started exploring Angular 2 while it was still in its early alpha and beta stages. Around that time, I also began consulting companies on adopting Angular 2.

Ines Chargui: How would you describe the Angular journey? After everything that the framework went through, is it on the right track? Does it disappoint sometimes?

Manfred Steyer: I think it's really on the right track. The Angular team has consistently proven that the underlying philosophy and the whole architecture pay off. It allows Angular to reinvent itself underneath the covers. We don't see a lot of those reinventions, but Angular manages to keep up with all of the innovations out there, at least all the ones important for single-page applications or web applications in general.

Just one example: several years ago, they switched out the whole rendering engine for the new Ivy engine. That happened largely behind the scenes, with no major breaking changes, effectively giving us a modernized framework without the usual migration pain. Now, Angular is doing it again. NgModules are optional, zones are becoming optional, and we’re getting a new set of reactivity primitives with Signals. All of this works without breaking changes. Existing code continues to work, which is very important in enterprise environments, where applications are expected to be maintained for years or even decades.

Reinvention without disruption is the theme behind Angular, and so far, it’s proven it can deliver on that promise.

Ines Chargui: With the upcoming release of Angular 20 on May 28, 2025, what features or improvements are you most excited about exploring?

Manfred Steyer: Well, the Signal story will evolve. Many building blocks, such as effects or the RxJS interop will become stable. The Resource API that fetches data within the reactive Signal-based flow will transition to developer preview. The same is the case for Incremental Hydration, Hybrid Routing, and Zone-less Change Detection.

Ines Chargui: What do you think about these features in developer preview? Have you experimented with any of these?

Manfred Steyer: Absolutely. I was an early adopter of the reactivity features like the Resource API and linked signals. For me, they have always been necessary, even though they were experimental, because they were filling a gap in Angular’s reactivity story. Without them, when working only with Signals, for instance, there is no way to do data fetching as part of the reactive flow. For this, we need resources and a brand new HTTP resource; the linked signal gives us a local working copy. For example, this is necessary when binding read-only data from a store into a template-driven form. Since forms need to update values, and read-only signals can’t be changed directly, linked signals give us a local working copy. We can bind to that, make changes locally, and then send all the data back to the store or directly to the backend.",2025-06-24,0.6807691593619678
235,vector,1fed2c6361980d606789e315,69b3de86df13a192b75c2af0,"Manfred Steyer on Angular 20: Signals, Dynamic Components, AI, and What’s Next","In this interview, GDE Manfred Steyer highlights Angular’s journey towards a more reactive future. With the release of Angular 20 on May 28, 2025, the framework enters a new stage of evolution, and we take a closer look at its strengths, the challenges it still faces, and the road that lies ahead.

Ines Chargui: The release of Angular 20 is set for May 28, 2025. Before we dive into the new features, can you explain Angular's core philosophy and how it differs from other frontend frameworks like React or Vue?

Manfred Steyer: I think, technically, you can achieve almost everything with all current frameworks because they are quite similar. However, I’ve always had the impression that Angular has non-technical advantages. For instance, it's implemented and actively used by Google, which gives it a sense of long-term stability. In today’s ecosystem, where many open source frameworks come and go, that kind of backing builds trust, knowing the tool you’re using will endure for a long time and is unlikely to disappear anytime soon.

Another aspect where Angular really shines is that it gives you a lot of things out-of-the-box. For example, you get support for components but also for dependency injection testing, HTTP access, reactivity, routing, forms, and more. All of these are designed to work nicely together. This eliminates the guesswork of piecing together various libraries and ensures a cohesive development experience, since everything comes from the same team and is built to integrate smoothly.

Ines Chargui: You just highlighted some of Angular’s advantages and why the framework shines. What are the main disadvantages of using Angular, and why would a developer choose to look elsewhere?

Manfred Steyer: One thing I’ve seen in the past is that if you’re implementing enterprise-scale applications, Angular really fits well. But if you implement something very lightweight, like enhancing a page generated by a CMS system like WordPress, then Angular might be overkill. In those cases, many companies tend to use React or Vue.

That said, the Angular team is aware of this perception and has been actively working to take out unnecessary weight to make it more appealing for lighter use cases. For instance, modules are now optional and generally not used anymore for new code, which simplifies the codebase. Additionally, the new lightweight reactivity system trims down unnecessary complexity. With these changes, Angular feels as lightweight as the other frameworks.

Ines Chargui: Signals has received so much momentum lately, can you explain what it is and why it is getting so much attention?

Manfred Steyer: The idea of Signals is to provide a very simple, reactive building block that holds a value. The value can be changed and tracked, meaning that someone can find out when the value is changing and then they can react accordingly. This someone is first and foremost Angular itself because Angular needs to know when something is changed in order to trigger a rendering, updating your view and your components. But another consumer of this reactivity can be the application itself. The application can recalculate something every time something else changes. Both have advantages.

Angular’s ability to detect exactly when and where data changes occur makes it more efficient, as it avoids the need for broad dirty checking across the entire application. It allows us to optimize the whole change detection. For instance, we can easily switch to the change detection strategy.OnPush. Think of it like an Excel sheet: when one value changes, all dependent values update automatically. You no longer need to manually manage updates like “if this changes, then update that.” It just stays in sync.

Those are the big two advantages. Some people may argue that this isn’t entirely new, since RxJS and observables have long provided similar capabilities.",2025-06-24,0.6676256199332569
236,vector,a46f583e86ab963aed1784a1,69b9e3ba0efa2c2180a1a3bd,Master Angular Signals in your existing Codebase,"Master Angular Signals in your existing Codebase

Angular Signals bring a fresh perspective to our codebases and introduce a fundamentally simple API. However, implementing a Signal-based application requires a slightly different approach compared to traditional methods.

Reactive Design principles and immutable data structures necessitate adjusted strategies but offer numerous benefits in terms of managing state and enhancing Performance. Component implementations are undergoing a transformation that makes the use of lifecycle hook methods increasingly obsolete.

In this talk, we will explore how to successfully implement a scalable frontend architecture using Signals. Attendees will leave the session equipped with a comprehensive toolbox to transform their enterprise codebase into the new Angular paradigm.",2025-05-20,0.6585265475664378
237,vector,a46f583e86ab963aed1784a1,69b4d52d75fc73e03aacb172,Master Angular Signals in your existing Codebase,"Twitter still has love for the Bluebird or soon Blue Sky, LinkedIn, and Reddit has a huge Angular community. Those are the social networks and platforms where you can stay up to date. We also offer workshops connected to Angular. You can join my workshop on Thursday here about architecture and signals as well. Why do we need Angular signals? The signal API looks like this: we have a writable signal, and this writable signal — give me a second, I'm looking out for a container — this could be my signal container. This signal container could have a specific typing, like always with TypeScript. We have specific typings, we have type inference, the power of type inference. So this is a human interaction device, a presenter that can be put into my signal container. If you read that value at this moment of time, what you get back is basically this presenter of type human interaction device. Then time passes and the presenter stays the current value until the value changes. Maybe I have another human interaction device, this time a mouse, and I can put that mouse into the signal container overriding the previous value with a type-compliant value. The type-compliant value is still a human interaction device, but this time it's not a presenter anymore. This time we have a mouse. If you read out the value at this moment of time, you get the mouse.",2025-05-20,0.644322283879304
238,vector,68fe3d9fc389515d1d6bea43,69bace1b6a6ef599965efd8c,Professional Tips for Using Signals in Angular,"Professional Tips for Using Signals in Angular

The new Signals in Angular are a simple reactive building block. However, as is so often the case, the devil is in the detail. In this article, I will give three tips to help you use Signals in a more straightforward way.",2025-05-02,0.6359006892161962
239,vector,a46f583e86ab963aed1784a1,69b4d52d75fc73e03aacb173,Master Angular Signals in your existing Codebase,"Fine. We can also update the signal with the meanwhile, only with the set and update method. With Angular 17, they removed the mutate method. Back then it was also possible with Angular 16 to do a mutation change. I'm quite happy that they removed this. Of course, it would've been nice to have an API where we can do a state change without immutability in mind. Immutability means we need to care about new object references. If we change something inside that object, that's a typical pattern in state management, and it's quite important performance-wise. The Angular team also came to the conclusion, Hey, if we allow a mutation not changing the object reference, it has consequences afterwards for everyone working with that object and maybe relying on that. This object should have been updated immutably. So they removed that. Meanwhile, you just have set and update. Set and update means you can either write a completely new value into your signal container, or you can use the update method to read the current state and write a new value in. For example, just imagine I have an object here, not only with the name property, but maybe with first name, last name, full name, and then you can read all the properties and just update the one property that you need to change. And as you provide here new object reference, you have a new object reference, and that's a valid immutable update.",2025-05-20,0.6341155845038156
240,vector,a46f583e86ab963aed1784a1,69b4d52d75fc73e03aacb17c,Master Angular Signals in your existing Codebase,"What else do we have? We have interoperability options. We can turn observables to signals and signals to observers. If one of you registered for the workshop, we will go in more details here in the workshop on Thursday with further experiments here. The nice thing, each signal can be converted to an observer stream. Then you can use all the operators that you know from RxJS, and at the end, you maybe want to convert this back into a signal to read it in the template. Signals specifically shine for state management. They specifically shine for template usage because they can trigger change detection quite easily also without zone chase in future. That's basically a nice thing to work with. What are the new APIs that were added with signal 19? The linked signal, it's another signal type this time that acts as a, that can connect the source signal. For example, we could have our input that is read only that we used before for the item in the flight card, can read that signal and connect it to the linked signal. That means it uses a computation function. If the item from a flight then maybe returns the new value, it runs the computation. Nevertheless, the linked signal itself is a container where it can ride into, and the state that rides into the linked signal is valid as long until the computation is triggered again by the source signal. The source signal has always higher priority. The source signal has a new value, it overrides your existing state, but as long as the source signal does not emit a new value, you can work with that state. Why is this important for use cases? You can use it for example if you have a source like an input. Just imagine you have a select box and you can select the states inside the US. You select California, and then you have the main airports available like San Diego, Los Angeles, San Francisco, Sacramento and whatever. Then you switch to maybe New York and have other cities to choose from. So New York and so on. Basically that could be a possible usage for such a linked signal. It's linked to a source signal that provides the state, and if the state changes, there's another data source to be displayed in the other select box. That's a perfect usage for select linked signals. Finally, we have the resource. The resource now allows us to connect reactive data loading processes, for example, but also other reactivity. The moment is it's most relevant to server calls in the background, for example. We can easily connect to backend API, even without RXJS access. There's even an API available, I can demonstrate this for you. Give me a second. We have here the checking component and here the edit component. Here I could, for example, say I want to have an input here for the id, it should be an input of type number. We pass in number zero, for example, this could be provided by the router.",2025-05-20,0.6341093856207589
241,vector,9836770500f149a58b7769f9,69b3e2e0df13a192b75c55e0,Professional Tips for Using Signals in Angular,"The new Signals in Angular are a simple reactive building block. However, as is so often the case, the devil is in the detail. In this article, I will give three tips to help you use Signals in a more straightforward way. The examples used for this can be found here.",2025-02-25,0.6267506606928681
242,vector,1c2d0d1ddbcc6e6469e58943,69b3e616df13a192b75c7350,"Angular 19: Incremental Hydration, Hybrid Rendering und Signals","Stabile Signal APIs

Mit Angular 19 wurden auch zahlreiche Funktionen rund um Signals, die schon länger vorlagen, als produktionsreif eingestuft. Diese sind:

signal
computed
untracked
input
model
output
outputFromObservable
outputToObservable
viewChild und viewChildren
contentChild und contentChildren
takeUntilDestroy

Somit spricht eigentlich nichts mehr gegen einen Einsatz dieser Mechanismen. Nach wie vor in der Developer Preview sind hingegen effect und das darauf basierende toObservable sowie sein Gegenstück toSignal.",2025-01-29,0.6173915345483021
243,vector,9836770500f149a58b7769f9,69b3e2e0df13a192b75c55f8,Professional Tips for Using Signals in Angular,"Tip 1: Signals harmonize with RxJS

Signals are deliberately kept simple. That's why it offers fewer options than RxJS, which has been established in the Angular world for years. Thanks to the RxJS interop that Angular provides, the best of both worlds can be combined. Listing 1 demonstrates this. It converts the signals from and to into observables and implements a typeahead based on them. To do this, it uses the operators filter, debounceTime and switchMap provided by RxJS. The latter prevents race conditions for overlapping requests by only using the most recent request. SwitchMap aborts requests that have already been started, unless they have already been completed.",2025-02-25,0.61312074736279
244,vector,7169f2b6391a0d9490ef4b35,69b40e24df13a192b75f3828,Angular Turns 18 - Grown Up But Dynamic,"Angular 18

To consolidate the Angular renaissance that’s already begun, the new control flow APIs and the deferrable views are now “stable” in version 18. Angular 18 also brings many different new features. Some of these are part of the “Angular Renaissance” and the new Signal APIs. These include the option to run the app completely without Zone.js, so that only the Signals are responsible for change detection. The new ZonelessChangeDetection provider can be used for this in the app bootstrap, as seen in Listing 10. However, this is still marked as experimental and should not be used in production applications.",2024-03-21,0.6119022976134965
245,vector,9836770500f149a58b7769f9,69b9dc9e0efa2c2180a0f408,Professional Tips for Using Signals in Angular,"Professional Tips for Using Signals in Angular - Enterprise Angular

The new Signals in Angular are a simple reactive building block. However, as is so often the case, the devil is in the detail. In this article, I will give three tips to help you use Signals in a more straightforward way.",2025-02-25,0.6109010703913544
246,vector,9836770500f149a58b7769f9,69b3e2e0df13a192b75c55f1,Professional Tips for Using Signals in Angular,"Tip 3: Signals as triggers

As mentioned earlier, Signals are especially suitable for transporting data to the view, like what’s seen on the right in Figure 1. Real events, UI events, or events displayed with RxJS are the better solution for transmitting an intention. There are several reasons why: First, Signals’ glitch-free property can reduce consecutive changes to the last change.

Consumers must subscribe to the Signal in order to be able to react to value changes. This requires an effect that triggers the desired action and writes the result to a signal. Effects that write to Signals are not welcome. By default, they are even penalized by Angular with an exception. The Angular team wants to avoid confusing reactive chains - changes that lead to changes, which in turn, lead to further changes.

On the other hand, Angular is converting more and more APIs to signals. One example is Signals that can be bound to form fields or Signals that represent passed values (inputs). In most cases, you could argue that instead of listening for the Signal, you can also use the event that led to the Signal change. But in some cases, this is a detour that bypasses the new signal-based APIs.

Listing 4 shows an example of a component that receives the ID of a data set to be displayed as an input signal. The router takes this ID from a routing parameter. This is possible with the relatively new feature withComponentInputBinding.",2025-02-25,0.610125256334958
247,vector,7169f2b6391a0d9490ef4b35,69b40e24df13a192b75f37d0,Angular Turns 18 - Grown Up But Dynamic,"Angular 17.1, 17.2 and 17.3

The Signal APIs received special attention in the latest Angular versions. These primarily include APIs that can be used to replace decorators in components with Signal variants. This applies to components or applications that can manage without Zone.js in the future. To illustrate the new features, Listing 6 shows the “DemoFormComponent” component. It has a Boolean “@Input” for the night mode and a string “@Input” for the current form value. The input for the form value also has the “required” flag, so a compiler error is output if this input is not bound. There is also an “@Output” with the name “valueChange”, which is emitted every time the form value changes. Each “@Output” always has an “EventEmitter”. (However, since the EventEmitter inherits from the RxJS subject, there could also be an Observable, more on this later).

Because the input is called “value” and the output “valueChange”, both can be connected using two-way data binding:",2024-03-21,0.6003935943816849
248,vector,heHyAodHSRfj6AG3L,69b9e3a10efa2c2180a19f81,The Internal Magic of Angular Signals,"The Internal Magic of Angular Signals

Since the release of Angular 17, the first part of the Signals implementation is now production-ready. Those APIs offer an additional concept besides RxJS to handle reactivity and influence the framework in many areas. Signals will lead to a different more fine-grained and more performant way of processing the Change Detection to update the view. All of this is added to be backward-compatible. While using Signals feels simpler and more intuitive than RxJS subscription management, it isn't likely to replace RxJS in all areas. Since Signals are easy to work with, many developers are surprised how the “Magic of Angular Signals” is implemented behind the covers and why it is possible that computed values, effects, and Component Templates reprocess as dependent Signals change. This talk will give insights into how Signals are implemented to make sure that they update correctly and no intermediate processing results are sent out.",2024-04-10,0.5931279607006062
249,vector,5ca564ac8c4557f4f949b660,69b526c303a8c40ab2ebda5e,Level-up your Angular Codebase with Cutting-Edge APIs,"Angular core control flow and you can turn your code base into using the, although most of the time it makes sense to run it reactive primitive paves the future to performance. It has consequences. That means it's not a direct replacement for RXJS. RXJS has a clear opinion, but not that ity of operators and it means it stays supported. So can expect also few Angular versions that they add RXJS based APIs into RXGS in top with some helper functions. Signal store has also some APIs already stable and others are still in dev preview. The resource API, the link signals signal. Dev preview is typically already stable. Even a patch release could potentially change an API. With Angular 16, they introduced the mutate function of the signal. Change it with a patch release. Of course, if they can, they will care about guaranteed to ours schematics. The Angular team is one of the requirements of typically they need to provide schematics in case. Of course, they're not, but definitely this is something. Here, the Angular team is not forced; you can use it to gain experience, and they just removed the API fully again. It really can be removed because there's no need for it anymore. For dev preview then in production-ready applications? It could be the case if you use it in production code. You can use some feature releases with Angular 18. Most of the parts from the Angular core package, signal input, migration inputs, and you can turn queries—what are queries? They're also signal supported. Those APIs that we often use to have our tailor-made. You have, beginning by now, also some. Let's give me a quick assume out a little bit. All the code. Basically here in the booking area, we currently have no signal APIs applied. With that, you can turn any data type from a normal object filter object, in my case, if it is narrow enough, and you provide an empty array as an initial value, for example, here, use a generic information because type inference would work to clearly type that, that’s fine as well. The rest of the code base provided here cannot be assigned into the signal. Also, the other occurrences in the condition is now if no value is assigned, then I can do a signal read. Be aware though, if you would, for example, have and I would use that in the comparison as well, and now I turn that property into a signal, that in this case always returns true. Not a property, but for example, a normal compare the reference itself or the value or a previous property to have here is really comparing the name if it is empty. This story continues. Here again, I have a property binding, a signal read, if it would be two-way binding. This would, in the child component into the commit of the, then it can directly write with a set back to the filter. Of course, the child component then needs to support a filter change implemented. It would look like that. Meanwhile, that is supported.",2024-11-13,0.5923474994432103
250,vector,7169f2b6391a0d9490ef4b35,69b40e24df13a192b75f37c6,Angular Turns 18 - Grown Up But Dynamic,"Angular

Angular 17’s minor versions also brought some interesting innovations regarding the future of Angular. This concerns further development of the framework in general. The Angular Signal APIs in particular have been significantly expanded to be able to run Angular applications without zone.js in the future. Let’s briefly look at the new features.",2024-03-21,0.5911157737945267
251,vector,5ecf87915aa99dfe10bb64dd,69b4136cdf13a192b75fa546,Is Angular 16 Starting a (R)evolution?,"Listen to the signals…

Angular 16 introduces a new concept so groundbreaking that it deserves its own headline. We’re talking about ""Signals"", a concept that was certainly inspired by Vue. The long-term goal is to get along without ""Zone.js"" and to be able to map the change detection with other means. This is important to streamline standalone applications and potentially even open up the possibilities of implementing individual elements with Angular, comparable to React and Vue. The motivation given was that Angular applications will become simpler, since using RxJS is no longer mandatory. This should reduce the technical and conceptual complexity.

But the topic also has a bit of an aftertaste. Official discussions only started publicly about three weeks before Angular 16’s first release candidate was adopted. With a development time of six months and the potentially huge consequences of such a design change, this seems very short-term. Critical comments in the RFC discussions were dismissed very diplomatically and it seems as if everything was decided internally by the Angular team and Google. Similarities to Paris 2016 cannot be overlooked. This approach represents a serious risk for the Angular community. Whether Angular will really become conceptually simpler as long as the included HttpClient uses RxJS is also doubtful. After all, developers inevitably come into contact with both concepts. But perhaps the HttpClient will be discontinued three weeks before the first release candidate of Angular 17 with the same argument.

So even if these are promising visions and almost a new generation of Angular, a little more tact and transparency is desirable.

Technically, Signals is a reactivity engine that allows changes to the state of specific data objects to cause updates to the associated DOM elements. Unlike Promises and RxJS Observable, actions on Signals are always synchronous. Since web applications are inherently driven by events, RxJS is a great fit in principle. For transformation between Signals and Observables there is the new package ""@angular/rxjs-interop"" which provides transformation APIs like 'toObservable()' and 'toSignal()'.

A signal can be created simply by calling the new function ""signal()"". The type parameter ""T"" stands for the data type to be managed by this signal.",2023-03-08,0.5904104942748336
252,vector,xrng8DfDqckoEKvMr,69b62de5a7b5a159c042c43d,Angular 18: Neue Features optimal nutzen und Bestandsprojekte effizient migrieren,"Dann haben wir TypeScript 5.4. Bei Angular Release werden ja die Dependencies quasi mit hochgezogen. Jetzt haben wir Unterstützung für TypeScript 5.4. Wenn man also dort spezielle Features aus diesem TypeScript-Release braucht, kann man die mit Angular 18 einsetzen. Das sind einige der Neuerungen, die jetzt gekommen sind mit Angular 18. Wie gesagt, kleinere Dinge, die das Leben besser machen, aber für mich persönlich eben noch nicht so die richtig großen Knaller. Das sind nämlich vier andere Themen. Das sind zum einen Signals. Nichts Neues an und für sich. Signals werfen bereits seit längerem ihre Schatten voraus, was das Angular-Framework anbelangt. Sie sind ein neuer reaktiver Basis-Datentyp, den man verwenden kann, der Reactive Primitive, wie man es nennt, und die sich jetzt immer weiter im Framework ausbreiten. Das Ganze ist noch nicht fertig. Das Ganze geht weiter. Das ist ein Prozess, der sich noch über weitere Versionen auch sicherlich ziehen wird, aber es ist hier, um zu bleiben, und man muss Angular-Anwendungen auf Signals langsam umziehen. Dann reden wir über Standalone-Components und APIs.",2024-09-18,0.5872829291485655
253,vector,fQ852nxKav9NNZTSG,69b9e21f0efa2c2180a14ffe,Mastering State Management in Angular with the NgRx Signal Store,"Mastering State Management in Angular with the NgRx Signal Store

Signals are making their way into Angular and with them a new kind of state management with the NgRx Signal Store. A new state management, based on Signals, offers a lean, declarative, and reactive approach to state management. In this presentation, Fabian Gosebrink explains how and when the new NgRx Signal Store can be used, how it works, and what advantages it brings. After the presentation, state management in your application should no longer be a problem.",2024-11-12,0.5853620708871511
254,vector,b3dccbe48006a54c8a14b9c8,69bace326a6ef599965efe6b,Mastering State Management in Angular with the NgRx Signal Store,"Mastering State Management in Angular with the NgRx Signal Store

Signals are making their way into Angular and with them a new kind of state management with the NgRx Signal Store. A new state management, based on Signals, offers a lean, declarative, and reactive approach to state management. In this presentation, Fabian Gosebrink explains how and when the new NgRx Signal Store can be used, how it works, and what advantages it brings. After the presentation, state management in your application should no longer be a problem.",2024-11-12,0.5853620708871511
255,vector,7169f2b6391a0d9490ef4b35,69b40e24df13a192b75f37dc,Angular Turns 18 - Grown Up But Dynamic,"Breaking Changes

In Angular 18, some old APIs that were previously marked as deprecated will be removed to keep the Angular framework as simple and straightforward as possible. To this end, TypeScript support for all TypeScript versions lower than 5.4 will be discontinued, for a start.

Furthermore, some optimizations regarding change detection were made. This should have no effect in most applications, but can lead to errors in some borderline cases. One case relates to an application’s root component (typically “AppComponent”). If the ChangeDetection is set to OnPush and the component has HostBindings, the HostBindings were previously checked even if the component wasn’t marked as “dirty” (“changed”). In version 18, these bindings are only checked if the component itself is also marked as dirty.

In order to enable fine-grained signal change detection, ChangeDetection was modified so that after a ChangeDetection cycle, the check continues as long as there are application parts still marked for ChangeDetection. In certain situations, this can lead to incorrect behavior if views with “ChangeDetectorRef.detectChanges” are marked again and again. If this happens, an error with error code “NG0103” is thrown. However, it is also possible that when an “ExpressionChangedAfterItHasBeenChecked” error would previously have occurred, the change detection will run normally in future. This is because the views continue to be checked until there are no more dirty views. In very special cases, this can cause unexpected behavior. For example, the Angular team reported a component was unintentionally initialized too early by this mechanism. However, this is rather rare.

In Angular 18, there are also some breaking changes in Router. These are based on new features. However, the features are only noticeable as breaking changes if the router APIs are very intensively used. Guards can now not only return a Boolean or an UrlTree, but also a “RedirectCommand”. The special thing about the RedirectCommand is that it can be used to specify which “NavigationBehaviorOptions” (e.g. “replaceUrl”) should be used for navigation. A simple CanActivate-Guard that returns a redirect command is shown in Listing 16.",2024-03-21,0.5831356655321227
256,vector,3caa038a2f16278ab3c6040a,69b4023cdf13a192b75e0853,"Angular 18 – erwachsen, aber aktiv","Angular 18

Um die begonnene Angular-Renaissance zu festigen, sind mit Version 18 zunächst die neuen Control Flow APIs und die Deferrable Views als stable markiert worden. Angular 18 bringt außerdem viele unterschiedliche neue Features mit. Einige sind im Rahmen der Angular-Renaissance und den neuen Signal APIs zu betrachten. Dazu zählt zum Beispiel die Möglichkeit, die App komplett ohne zone.js laufen zu lassen, sodass nur noch Signals für die Change Detection sorgen. Dazu kann der neue ZonelessChangeDetection-Provider beim App-Bootstrap verwendet werden (Listing 10). Es sollte aber beachtet werden, dass dieser noch als experimentell markiert ist und daher nicht in produktiven Anwendungen verwendet werden sollte.",2024-07-24,0.5816452205223226
257,vector,rmZ66ugQrLDThdwtr,69b69032a7b5a159c04312bc,Brand new Redux State Management,"Which state management approach do we actually need? There are quite a bunch of approaches out there, like Angular signals, like the NgRx store, like NgRx State, like the Signal Store. We want to tackle all of them so that you really know which implementation fits a specific use case of a specific application. The Angular signals API is new, introduced with Angular 16. Now we are soon getting Angular 18. Still quite new. Not all codebases are already refactored to Angular signals. It's also not necessary. You can use them if you need them in new features, but it's backward compatible. You can still upgrade your applications even without transitioning to signals today. If you choose to implement your APIs with signals, you don't work with strings directly or numbers or boolean values, but instead you can wrap them into a signal container. A signal container is really something like a glass here and the water inside the glass, that's the value of the signal. If I spill some water here, then maybe the value changes. It really matters what's currently in that specific container, and we can always fetch the value, get the value. We can read out the value at any time we like.",2024-05-21,0.5800960461643144
258,vector,adab83ef35bb67cd675fcee4,69b40d71df13a192b75f27b0,Angular wird 18 - erwachsen aber dynamisch,"Angular 18

Auch mit den minor Angular-17-Versionen sind einige interessante Neuerungen in Bezug auf die Zukunft von Angular hinzugekommen. Das betrifft zum einen die Weiterentwicklung des Frameworks im Allgemeinen. Zum anderen sind vor allem die Angular-Signal-APIs deutlich erweitert worden, um so das Ziel zu erreichen, Angular-Anwendungen in Zukunft ohne zone.js laufen lassen zu können. Die Neuerungen sollen an dieser Stelle kurz vorgestellt werden.",2024-04-03,0.57500388408285
259,vector,7169f2b6391a0d9490ef4b35,69b9dd8f0efa2c2180a1003a,Angular Turns 18 - Grown Up But Dynamic,"Angular Turns 18 - Grown Up But Dynamic - The latest new features and breaking changes

Angular 18 gives developers a wide range of new features and improvements that continue to optimize modern web applications development. Angular 18 builds on the progress made by previous versions and introduces many performance optimizations and new APIs that make working with the framework even more efficient.",2024-03-21,0.5738654743394958
260,vector,adab83ef35bb67cd675fcee4,69b40d71df13a192b75f27d3,Angular wird 18 - erwachsen aber dynamisch,"Angular 18

Um die begonnene Angular-Renaissance zu festigen, sind mit Version 18 zunächst die neuen Control-Flow-APIs und die Deferrable-Views als stable markiert worden. Angular 18 bringt außerdem viele unterschiedliche neue Features mit. Einige sind im Rahmen der Angular Renaissance und den neuen Signal-APIs zu betrachten. Dazu zählt zum Beispiel die Möglichkeit, die App komplett ohne Zone.js laufen zu lassen, sodass nur noch die Signals für die Change-Detection sorgen. Dazu kann der neue ZonelessChangeDetection-Provider beim App-Bootstrap verwendet werden, siehe Listing 10. Es sollte aber beachtet werden, dass dieser noch als experimentell markiert ist und daher nicht in produktiven Anwendungen verwendet werden sollte.",2024-04-03,0.572149298435267
261,vector,Fi7nHMkvDW6nLD9RY,69b9e24f0efa2c2180a15655,The Internal Magic of Angular Signals,"The Internal Magic of Angular Signals

Angular 16 introduced a new reactive primitive called Signals. Those APIs offer an additional concept besides RxJS to handle reactivity and influence the framework in many areas. Signals will lead to a different more fine-grained and more performant way of processing the Change Detection to update the view. All of this is added in a backward-compatible way.

While the use of Signals feels simpler and more intuitive than RxJS subscription management, it will likely not replace RxJS in all areas. Since Signals are that easy to work with, many developers are surprised how the “Magic of Angular Signals” is implemented in detail and why it is possible that computed values and effects reprocess as dependent Signals change.

This talk will give insights into how Signals are implemented to make sure that they update correctly and no intermediate processing results are sent out.",2023-10-25,0.5672776963312047
262,vector,8b35e3d0070110b78d6c9434,69b9dd570efa2c2180a0fd7a,"Angular: Signals, Standalone, SSR","Angular: Signals, Standalone, SSR - So bauen Sie Angular-Apps der Zukunft

Mit der Veröffentlichung der 16. Hauptversion von Angular läutete das Angular-Team die „Angular Renaissance“ ein. Wörtlich übersetzt bedeutet das nichts Geringeres als die Wiedergeburt von Googles SPA-Framework - eine treffende Bezeichnung, denn Angular-Codebasen werden sich nachhaltig verändern. Der Unterschied zwischen Angular-2- und Angular-17-Code ist mit bloßem Auge erkennbar.",2024-06-10,0.5660930903297217
263,vector,adab83ef35bb67cd675fcee4,69b40d71df13a192b75f27ce,Angular wird 18 - erwachsen aber dynamisch,"Angular 17.1, 17.2 und 17.3

Ganz besondere Aufmerksamkeit haben die Signal-APIs innerhalb der letzten Angular-Versionen erhalten. Dazu gehören vor allem APIs, mit denen die Decorators innerhalb von Komponenten durch Signal-Varianten ersetzt werden können. Dies gilt vor allem für Komponenten bzw. Anwendungen, die künftig ohne Zone.js auskommen sollen. Um die Neuerungen zu veranschaulichen, ist in Listing 6 die Komponente DemoFormComponent gezeigt, die ein boolesches @Input für den Nachtmodus und ein String-@Input für den momentanen Formularwert hat. Das Input für den Formularwert hat außerdem das Flag required, es wird also ein Compiler-Fehler ausgegeben, wenn dieses Input nicht gebunden ist. Außerdem ist ein @Output mit dem Namen valueChange vorhanden, das bei jeder Wertänderung des Formulars emittiert. Zu jedem @Output gehört immer ein EventEmitter. (Da der EventEmitter jedoch vom RxJS-Subject erbt, könnte an dieser Stelle auch ein Observable stehen, dazu später mehr.)

Da der Input value und der Output valueChange heißt, können beide per Two-Way-Databinding angebunden werden:
<app-demo-form [(value)]=""firstname""></app-demo-form>

Die Variable firstname kann entweder eine normale String-Variable sein, oder wiederum ein signal('').",2024-04-03,0.5653410174904427
264,vector,eqEzQ8Wn6jGAbaxbW,69b5ccbda7b5a159c0426df3,The Angular Renaissance,"Debra Carata, the brilliant woman that she is, still recommends using observables for things like async HTTP calls and then using that interop if you need to then turn it into a signal. She's a smart woman. I'd listen to her. Angular signals solve problems you didn't even know you had. We get to say goodbye to Zone.js for a lighter and more change detection loss Angular. We get to look cool in front of other JavaScript developers with our hip new happening technology. We now have a built-in way to reactively control our view updates more fine-grained than ever. That's some really tiny text, but I just essentially wanted to summarize some of the points that we made. Signals are zero-argument functions; when executed, they return the current value of the signal. You can use them anywhere in your application v16 and up. Computed signals—remember computed and effect, and one of them is going to end worlds, right? Computed signals are useful to do things with multiple signals to compute. Effects are useful for logging. Don't use them often. That is my wrap-up of signals. Why now? Why now as all of this Renaissance stuff is coming out? Every feature that I talk about today and some that we don't get to talk about yet, the community loves. But why now? I love that question. We can speculate all day long about why the team is choosing to do so. Maybe because they said two years back that after they had the new rendering engine Ivy, doors would be open to do things like this. If anyone ever heard of Fireship, I'd never heard of him before. If you literally have like five minutes and you're bored to death, he does this code report and I found his Angular one from last week the funniest thing ever, 10 out of 10. It recaps a lot of the features that we're going over but at high speed. If you're like, oh no, she's explaining change detection, I'm bored, definitely recommend Fireship YouTube recap of these features. He says that he believes Angular is doing this now to earn the respect of other JavaScript frameworks. Maybe it's for the respect. Who knows? If you are sad that signals aren't quite there yet, RC, and you wanted to use some of this new Angular Renaissance magic now, don't worry. As of the version that we're currently living in, v15, Standalone is stable. It's fresh. It's piping hot. It's ready to go. What do I mean by Standalone?",2023-04-26,0.564023951105127
265,vector,MR6s4jPKLW9dDD5b3,69b6ca5fa7b5a159c0433d1d,useSignal() — A Revolution in State Management,"The concept of signals is actually nothing new. I'm sure you guys have been around developing for quite some time now. The concept of signals has existed back in, let's say, or not exactly the word signals, but in reactive programming, like Knockout.js since around 2010 or even before that in other frameworks. In Knockout.js, correct me if I'm wrong, it was called observables, which is not to be confused, of course, with Angular's observables. Knockout.js introduced this concept of observables or signals. So I would say this is our first glimpse into a world where data changes could automatically reflect in the UI without manual intervention. Ryan Carniato, if you're familiar, is the creator of Solid.js. He is the one who reignited this concept of signals that we come to now. He said that he invented Solid.js because of his desire to continue using the fine-grain reactive patterns that he came to love in Knockout.js. His solution was to develop Solid.js, which is a reactive framework that uses signals to create fine-grain reactivity, which is the pattern for signals that can also be seen in many other frameworks. Are you also familiar with Solid.js? Not so much? Since a lot of frameworks are jumping into this construct. Ryan Carniato calls it a reactive league of front-end frameworks because he hasn't seen this amount of alignment in frameworks since the rise of the virtual DOM. This commotion is reminiscent of when, in 2016, the React team first introduced hooks. Hooks were developed to make state change updates and eventually all updates more functional in approach compared to the use of classes. Signals, on the other hand, while almost the same as hooks, have some subtle differences that set them apart. We'll talk about those more later. Let's briefly touch on various frameworks that have adopted signals in principle, of course, with their own syntax and terminology. Bear in mind the principle is still fundamentally the same. For the most part, we'll be talking about or going with the example of Solid.js because it is a framework that reignited and popularized this concept of signals in modern reactive programming. In Solid.js, it receives a reactive flow where only components that have access to the signal state will be updated. It's like a two-way binding, so other components will not be updated. Then we have Qwik, aimed at optimizing for loading performance. While not directly acknowledging signals, it shares the goal of efficient state management updates. Of course, we have Vue, which has the reactivity API that works similar to signals but with a different name. Then we also have Svelte with its reactive stores. With React, you can use signals with the use of a package library. If I'm not mistaken, it is called react-signals package. React also uses signals as a tool for managing state. And of course, in Angular, signals are used in version 16. In just a few short months in the last year or so, these modern tools or frameworks leverage signals to enhance reactivity and developer experience.",2024-04-10,0.5636043955154073
266,vector,5ecf87915aa99dfe10bb64dd,69b4136cdf13a192b75fa533,Is Angular 16 Starting a (R)evolution?,"Signals should also be able to control change detection in components independently of Zone.js. This behavior is not yet part of Angular 16, but you should be able to activate it by including “signals: true” in the component metadata. In this case, the component inputs will also be expressed as signals instead of changeable objects. However, the syntax used to write “@Input”, “@Output”, and similar also changes. Then, all of these Angular components are no longer @decorators, but are now special signals functions. For example, inputs become ""input()"" signals and outputs become “output()” signals. This fits well with the fact that standard TypeScript decorators don’t work for parameters, but only for types. Similarly, queries for 'viewChild/ren' and 'contentChild/ren' are then also provided as signals. In the lifecycle, the API also changes for signal components. With 'afterNextRender', a function is executed after the completion of the next DOM update cycle. This is similar to the previous 'ngAfterViewInit', but is called more often. With 'afterRender', the specified callback is called after each DOM update. Finally, there is 'afterRenderEffect', which calls an 'effect' with each 'afterRender'.

Overall, the design already looks very promising and future-oriented. Only the question about API uniformity in view of RxJS use remains. However, a sensible hybrid concept can also be established. Currently, signals are still in a preview API and further development will depend on feedback from the community.",2023-03-08,0.5631919140288619
267,vector,PnApHFiNAR2RR6pkD,69b689b7a7b5a159c0430d0e,"Modern Angular: Harnessing Signals, Hydration, and Modern Tooling for Seamless Coding","I'm going to skip it and we'll move on to the signals. Signals are, you could compare them with observables, it's a reactive structure but it's not really like observables. There are some differences, but what is important for us is that they are being introduced, integrated into Angular as much as possible. We see with every new release that one of the Angular APIs again is now kind of working with signals or it's accepting signals. So it's just the way to go. The final target of Angular is that at some point everything in a component is a signal. The signal is then that part which triggers the change detection or which tells Angular, Hey look I have been changed. You might want to re-render, you might want to update the DOM in that part. This is the future vision and everything is going towards that. It is important that you use signals. Some ask, can we avoid them? You could avoid them, yes. You could also not use the Angular CLI if you don't need it, but don't do it. It's time to start thinking about signals. I will use the signals in my quiz service and what I have to do is actually very simple.",2024-05-21,0.5626049170286787
268,vector,bd2918fe362ada7129c4ae2c,69b40d94df13a192b75f2a3c,Signal-basierte Komponentenkommunikation in Angular 17.1 und 17.2,"Signals werden die Zukunft der Datenbindung in Angular prägen. Das Signals-Konzept selbst ist allerdings nur ein Teil des Ganzen. Wir brauchen auch die Möglichkeit, über Signals mit anderen Komponenten zu kommunizieren. Angular 17.1 bringt dazu Input Signals, und ab Angular 17.2 gibt es Model Signals für Two-way Bindings sowie Unterstützung für Signal-basierte Content- und View-Querys. In diesem Artikel zeige ich, was es mit diesen Neuerungen auf sich hat. Der Quellcode der verwendeten Beispiele findet sich unter [1].",2024-04-10,0.5622888966554308
269,vector,69a73aaa7784b829b85889ba,69b3f869df13a192b75cfd0f,What's New in Angular 17?,"Further innovations

In addition to the innovations discussed so far, Angular 17 brings numerous other enhancements:

The router now supports the View Transitions API. This API offered by some browsers allows the animation of transitions using CSS animations, e.g. from one route to another. This optional feature must be activated when setting up the router using the withViewTransitions function. For demonstration purposes, the enclosed example uses CSS animations taken from View Transitions API.
Signals, which were introduced in version 16 as a developer preview, are now stable. One important change is that they are now designed to be used with immutable data structures by default. This makes it easier for Angular to track changes to data managed by signals. The set method, which assigns a new value, or the update method, which maps the existing value to a new one, can be used to update Signals. The mutate method has been removed, because it doesn’t match the semantics of immutables.
Now there’s a diagnostic that issues a warning if the getter is not called when reading signals in templates (e.g. {{ products }} instead of {{ products() }}).
Animations can now be loaded lazy Lazy Animations.
The Angular CLI generates standalone components, directives and pipes by default. By default, ng new also provides for the bootstrapping of a standalone component. This behavior can be deactivated with the --standalone false switch.
The ng g interceptor instruction generates functional interceptors.",2023-11-09,0.5614604068837667
270,vector,mrkFPBdm5bQQ8Q8nY,69b710b3c802d74b84c75885,Renovate your Angular App!,"We have a reactive API that works like a function call, but it's quite powerful when it comes to informing other parts of your source code. This informing part may sound similar to you because RxJS is used in Angular and Angular two. We already have a reactive API for that. But this time it's directly baked into the framework and the whole subscription part is far easier compared to RxJS. On the other hand, to be fully honest, signals cannot be used for every use case that we currently implement with RxJS. It basically helps us to do things easier in the template and in the TypeScript class, but we have no operators, for example. The Angular team thought about this as well and wrote an integration library, an interoperability library, so that you can turn signals into observables and observables into signals. Then we can use the benefits of both worlds, the signal world and the RxJS world. Fine. We can also update signals that way. We can set the value and we can update the value. That's basically setting in a new object with a new name, this time my colleague Man. Also updating via lambda expression is possible where we can read the current value and modify it not in a mutable manner, but create a new object reference and do an immutable update that way. So write a new state into that signal box. We can also use derived state.",2024-04-10,0.5595601683655103
271,vector,heHyAodHSRfj6AG3L,69b6cd92a7b5a159c0433f3f,The Internal Magic of Angular Signals,"I do Angular consultancies and trainings as my main business and I'm always happy to be here at conferences and sharing a little bit about current topics in the Angular space. The reactive primitive, the Angular team had some targets, similar targets like the colleagues from Vue, from Solid, from preact, other libraries that are using signals. The ideas that we get value synchronously back, the same value should not trigger an update. Most important, because this is what the whole talk is about, the third bullet point: how does the updating logic work? How can consuming implementations—we are often referring to here to producers and consumers—how they are informed. How can a consuming logic be informed by a producing signal that something changed, especially signals in Angular. Of course, RxJS is important. We have good interoperability. I showed a little bit in the first talk before lunch. It will not be the main topic here, but it makes the story also for RxJS usage easier. Just as a quick sum up what the signal APIs look like in Angular: we have a computed API to derive state from specific signals. We can use them and then produce new signals with the computed. We also have the chance to implement side effects. Both will play a bigger role now in the following slides as well because we'll then discuss how this is actually working.",2024-04-10,0.5575487561399126
272,vector,mrkFPBdm5bQQ8Q8nY,69b710b3c802d74b84c7587d,Renovate your Angular App!,"The rest is the same for the components, so nothing new. Fine. What else can we do? We can use the signal API of course. As mentioned, no Angular talk without talking about signals. We can use the signal function directly. You can say, I want to turn—maybe raise your hand quickly, who already implemented or tried out the signal APIs with Angular? Some, but not the majority. I give you a quick summary of what we can do with the signal API. We can assign these two properties and then we do not have the value itself assigned to the properties, so a string or a boolean or a number, but we have—could use a meta, the Angular team also uses that—we have a kind of a box and the box is assigned to the class property, in this case, to the user property, for example. This box can be a container for a concrete value. The specific value that I put into the box could, in my case, be an object. This object has a property name and my name is assigned there, and then I can use that box. The box is the user and they can just use the parentheses here to read the value out of that box. You get a package from your delivery service, open the package and look into what's inside. That's basically what's happening here. We have the reference of the signal. We look into this by using it like a function call, and then we have the object that we defined above here. This object can then be used to just read out one single property like that. The nice effect here is that as we are using this in the template, the template is a so-called reactive consumer. It creates a reactive context. That means the signal, the box, can tell the template, ""Hey, my content changed. It's not the same name anymore, the same object with the name property anymore, but someone just wrote a new object into my box, into my signal."" That's the nice thing about this API.",2024-04-10,0.5571201926269849
273,vector,eqEzQ8Wn6jGAbaxbW,69b5ccbda7b5a159c0426deb,The Angular Renaissance,"Standalone is out right now in v15. Signals should be out in developer preview in a couple weeks with v16. I think this is one of the most exciting features in the Angular Renaissance that we are seeing unfold. It's the introduction of signals, which is this new feature to enable built-in reactivity in Angular that allows developers to easily respond and manage changes in their application. This feature has the potential to revolutionize the way developers approach reactive programming and make it more accessible to a wider range of developers outside of our community. Lastly, I'm going to recap the Renaissance things that we're seeing now and the developer mindset going forward. We're going to start off with my favorite, my favorite girl, signals. I was talking to a good friend and signals aren't an Angular thing. Did all of you know this? Whenever you were like, oh yes, but of course signals, whenever I first heard it I was like they have invented the wheel, right? And my friend was like no. No, this was a thing a long ago. It existed and we are now revisiting it and revamping it and using it for our own purposes. If you're like me and you don't know that thing from yesteryear, then I'm going to go ahead and give us a quick definition. Signals are the Angular team's suggested solution for built-in reactivity. I think we have to take a step back for a second and really ask ourselves the important questions in life. What is reactivity? Let's just quickly define it. We got some variables, right? We're in JavaScript land. I'll ask this as a quiz question. Prepare yourself. I'm checking the live chat. I don't see any answers yet. Let equal one, let b equal two, c is the combination of both a and b. We're console logging c. Very basic. We're bringing it back to the basics. Something like this is going to console log three and none of us are shocked. But if we go ahead and change the value of a after it's been computed for c, does anybody know what the second console log is going to be? No guesses. I think there are two main answers here that you usually shout out. One is it's still three, my good man, and every JavaScript developer just groans and silence. No, it's fine. As a JavaScript developer, you probably aren't alarmed by this. But nonetheless, this is the reason that we reach for things like Angular, for reactivity, for reaction to changes in our application so that when data is updated, our code internally behind the scenes updates or our templates externally update with fresh data.",2023-04-26,0.5568675790342907
274,vector,rmZ66ugQrLDThdwtr,69b69032a7b5a159c04312b8,Brand new Redux State Management,"You can read it out, you can send it to the client, can work with that on the client, but assume as it gets into the CRUD operations, you need to update the data. Basically, it's quite a nightmare if you have deeply nested state with maybe redundant structures that you need to manage. We can also work with derived state. That means we can use computed, for example, also a signal API that's present in Angular but has similar APIs in other platforms where we can derive state. That means we get notified if something changes and can update the UI in a readable manner. We cannot actively set something into the computed signal, but the computed signal automatically updates if the underlying producing values or producing containers change. Again, I have my cup here, and maybe there's another cup. This other cup has a relationship with that one. As soon as that updates, also that one updates and can notify my DOM as soon as something changes. That's a quite nice framework integration at the moment when it comes to Angular, because we can not only create our signals, create derived state, we can also use it with all the Angular features at the moment. Quite brand new features introduced after the 17.0 major release. They put out some feature releases with really nice features added. Quite a bunch of new features that we received recently since the end of last year. For example, the input function. The input function can really process a data binding. A parent component can send data to a child component. The child component then receives the data as a signal already. So it's already reactive and we can already be notified if the value changes here. That means all the lifecycle hooks that we worked with in Angular up until now are not that important for the future anymore because we can directly register to the event change, and we do not need to catch the correct point of time when someone sends something in, but we can just monitor the signal, watch the signal, and therefore we are notified. Then there's also model value. The model value is for input and outputs. That means it writes my value into the signal and the way back. That means if someone updates the signal or the parent component receives the change. Also, the more advanced APIs like view children and content children, if we're interested in DOM elements of our template, they're also signal based. You can see all those APIs help us to manage our state within components in the transition from one component to another component. For all of that, signals are directly based into the framework, and they help us manage our state because all that data that we can read out of the signals have a special meaning for us. I may be interested in the value of a child download and need to process that. So that's already a nice beginning of the state management.",2024-05-21,0.5563307206180498
275,vector,yeDqYHwX2d2dnZvTR,69b64646a7b5a159c042d763,Build the Next Generation of Web Apps With Angular,"Signals are all the rage. Everybody's talking about it. There's somebody next door or two doors down who made this: a friend called Solid. Signals are wildly popular and pervasive in that framework. Everybody cares about signals because we all believe that signals are the right way to do it, the most effective way to do it. Next generation of applications: reactivity everywhere. One of the really cool things about signals and its implementation is that it doesn't only work in your templates. You can use a signal in the service, for example, if you want to. I'm not sure there's always the best use case. Be careful when you're writing code, don't just because you can do something, always do it. Just gotta make sure we remember that. But you can use it in your application other places. That's incredibly powerful. It's not only tied to your template, it's something else. Precision updates. Precision updates. What does this mean? In Angular we can do things that only update the part of the application that changed based on the signal value changing. Instead of having to go through and run the change detection, meaning check every single value on the template to see if anything changed, we can say, oh this one changed. How will we know? Because it's a signal. So we can know that something happened. Lightweight, lightweight, fantastic talk by Ryan Cardo this morning about just the cost of JavaScript and zero kb, right? This is not zero kb, it's only two. Only two kilobytes, very lightweight dependency built into the framework. You're not having to download something extra, it's already built in for you. We care about you. It's gonna simplify development. This is simplifying the way that we do it. Conceptually for Angular development especially, this is much simpler than trying to understand how change detection worked before signals. People generally get this, this is pretty straightforward. What we did before was more complex. If you came from a framework that already uses signals, it feels like you're at home still and we left the light on for you so you can walk right in.",2023-09-28,0.5561059266659637
276,vector,bd2918fe362ada7129c4ae2c,69b9dd800efa2c2180a0ff7f,Signal-basierte Komponentenkommunikation in Angular 17.1 und 17.2,"Signal-basierte Komponentenkommunikation in Angular 17.1 und 17.2 - Kolumne: Enterprise Angular

Signals werden die Zukunft der Datenbindung in Angular prägen. Das Signals-Konzept selbst ist allerdings nur ein Teil des Ganzen. Wir brauchen auch die Möglichkeit, über Signals mit anderen Komponenten zu kommunizieren. Angular 17.1 bringt dazu Input Signals, und ab Angular 17.2 gibt es Model Signals für Two-way Bindings sowie Unterstützung für Signal-basierte Content- und View-Querys. In diesem Artikel zeige ich, was es mit diesen Neuerungen auf sich hat. Der Quellcode der verwendeten Beispiele findet sich unter [1].",2024-04-10,0.5555178090089464
277,vector,NTmSSkWAxtsw9CNHH,69b9e25d0efa2c2180a15850,Angular Architectures with Signals,"Angular Architectures with Signals

One of the most popular new features of Angular is Signals. As a lightweight, reactive building block, Signals allow fine-grained change detection and increase data binding performance.

As is so often the case, the basics can be quickly explained. But only then do the really interesting questions arise. How and where should I use Signals in my application? Do I need a store? How do I really get the advertised fine-grained and Zone-less change detection? Do I need to work with Immutables? How do I use signal components together with traditional ones?

These questions will be answered with some examples! By the end, you will know how to integrate Signals into your modern Angular architecture.",2023-10-24,0.5554436702995025
278,vector,7169f2b6391a0d9490ef4b35,69b40e24df13a192b75f37cc,Angular Turns 18 - Grown Up But Dynamic,"Angular 18 gives developers a wide range of new features and improvements that continue to optimize modern web applications development. Angular 18 builds on the progress made by previous versions and introduces many performance optimizations and new APIs that make working with the framework even more efficient. To provide optimal support for new and existing developers, the new developer documentation released with Angular 17 in angular.dev is lifted out of the beta phase. The old documentation page “angular.io” now automatically redirects to the new page.",2024-03-21,0.5533478866777526
279,vector,mrkFPBdm5bQQ8Q8nY,69b710b3c802d74b84c7587a,Renovate your Angular App!,"We'll also look into the signals API once again, because today there's almost no Angular talk not covering Angular signals because they're quite important for the future of the framework, and therefore also this talk will tackle them. Of course. We also talk about the router integration because the router integration is not only transforming your logic from the engine module-based routing approach to the standalone routing approach. It's basically more today. We can also add inputs based on our router changes. If you have a dynamic property in your URL, a dynamic parameter, or if you resolve your data with a router resolver that you implemented, that's quite a nice way on how to refactor your current code base so that we do not need to inject the ActivatedRoute anymore. If I'm talking about injection, that's quite the next topic because also for the injection part, something changed. They did not rewrite the Angular dependency injection because this is one of the big successful factors. Even the other framework guys like in the React ecosystem or in the Vue ecosystem or Solid and so on, the whole JavaScript community, if you normally ask them what's the really powerful API that Angular has, where Angular was really innovative and implemented a set of features that the other frameworks did not have back then, basically it's dependency injection. So that's a big success story. It makes things far easier in a lean manner, connecting your dependencies to components, directives and so on. The system stayed the same, but we received new APIs on how to work with the dependency injection. Also because of the standalone APIs that were introduced, because if you think back, or maybe it's even currently still in your code base, that's perfectly fine. How did we add routers, for example, with the RouterModule.forRoot and with the RouterModule.forChild?",2024-04-10,0.5521210318603833
280,vector,bd2918fe362ada7129c4ae2c,69b40d95df13a192b75f2a6c,Signal-basierte Komponentenkommunikation in Angular 17.1 und 17.2,"Zusammenfassung

Angular 17.1 und 17.2 bringen einige Funktionen für die Komponentenkommunikation auf der Basis von Signals. Diese Funktionen ersetzen bekannte Eigenschaftsdekoratoren wie @Input oder @ContentChildren und werden vom Angular-Compiler aufgegriffen, der entsprechenden Signal-basierenden Code emittiert. Die Funktion input definiert Eigenschaften für Property Bindings, model erlaubt Two-way Bindings und contentChild(ren) sowie viewChild(ren) kümmern sich um Content- bzw. View-Querys.",2024-04-10,0.5517703457826281
281,vector,ZM7Cxztnyh7J9Psky,69b9e3d90efa2c2180a1a85b,"Signals, Standalone, SSR: So bauen Sie Angular-Apps der Zukunft","Signals, Standalone, SSR: So bauen Sie Angular-Apps der Zukunft

Es ist die Wiedergeburt von Angular: Mit keinem geringeren Begriff untertitelt das Angular-Team die Veröffentlichung der 17. Hauptversion des SPA-Frameworks.
 Recht hat das Angular-Team, denn die Gestalt von Angular-Apps wird sich in Zukunft nachhaltig verändern: In dieser Fassung wird der neue reaktive Basisdatentyp Signals aus der Entwicklervorschau entlassen, Standalone-Komponenten und -APIs werden zum Standard und das Server-Side Rendering für eine verbesserte Ladezeitperformance wurde deutlich aufgebohrt.
 Christian Liebel von Thinktecture stellt die Neuerungen in Angular 17 vor und gibt eine Einschätzung, wie Entwickler auf die neuen Features umsteigen sollen. Kommen Sie vorbei und bringen Sie Ihr Angular-Wissen auf den neusten Stand!",2024-02-14,0.5517390755459879
282,vector,PnApHFiNAR2RR6pkD,69b9e34e0efa2c2180a18f4f,"Modern Angular: Harnessing Signals, Hydration, and Modern Tooling for Seamless Coding","Modern Angular: Harnessing Signals, Hydration, and Modern Tooling for Seamless Coding

Angular is gaining more and more momentum. First, it introduced Standalone Components and new functional approaches like inject, guards, and interceptors. But the innovation didn't stop there. Instead, it increased its pace. Signals and a better hydration keep moving the framework even further. In this talk, I will write a new application from scratch. I'll show what a modern tooling setup can look like and make use of all the latest features that Angular provides. Coding in Angular has never been easier.",2024-05-21,0.550198091007861
283,vector,7169f2b6391a0d9490ef4b35,69b40e24df13a192b75f37d5,Angular Turns 18 - Grown Up But Dynamic,"There are also a few breaking changes in the Angular testing package. These relate to Angular’s updated change detection mechanism. The test change detection in the Angular test environment is now adapted closer to the “real” app change detection. This is especially noticeable if the tests react sensitively to timing in the change detection cycle. In such cases, tests may have to be adapted to the new situation. In this context, the “ComponentFixture.whenStable” promise is often used to wait for the change detection cycle. This promise has been adapted so that it corresponds to “ApplicationRef.isStable”. Therefore, in Angular 18, the Promise may not be resolved in all cases. This happens especially when router navigation or HttpClient requests are still open. In such cases, the corresponding mocks (e.g. “HttpTestingController.verify()”) must be used to make sure the requests are completed before “whenStable” is called. Alternatively, a suitable condition other than “ComponentFixture.whenStable” must be used for waiting.

Finally, the “async()” function, which was previously used to create the asynchronous Angular testing environment, has been removed. Instead, “waitForAsync()” should be used now.

Other APIs that were removed related to the previously used SSR APIs. For instance, the deprecated “platformDynamicServer” has been removed. Now, “platformServer” should be used. The “ServerTransferStateModule” was previously deprecated and is now removed. “TransferState” can also be used without this module.",2024-03-21,0.5496581207475768
284,vector,ee2561a30d726c7693bd464c,69b3fb68df13a192b75d5043,Fix gebaut,"Signal-based State Management

Seit Angular 16 bietet Angular mit Signals einen einfachen reaktiven Building-Block, der auch die Basis für Verbesserungen an der Change Detection darstellt. Signals verwalten einen Wert, gewähren lesenden Zugriff darauf und informieren Konsumenten über Wertänderungen. Signals vom Typ WritableSignals gewähren auch schreibenden Zugriff (Abb. 1).",2023-10-10,0.5494987277202584
285,vector,heHyAodHSRfj6AG3L,69b6cd92a7b5a159c0433f4e,The Internal Magic of Angular Signals,"Single base change detection, the future in Angular is that it will update our embedded fuel, not the components only on a fine-grain level. That means each table row that is, for example, created based on an Angular engine 4 can be autonomously change detected. We don't need this global trigger with some shares anymore, but we have more fine-grain. Nevertheless, they will write a compatibility mode so that both worlds can be used in combination again, so backwards compatibility will be supported here as well. The current optimizations version SEC 16 added on push triggers for signals. That means, like with RxJS implementations, it automatically sets the mark for check for you. Like the async pipe also does, to tell the on push change detection, please take a look at my component as it would not be on push, so check it please, because I tell you there was an update of my reactive API here. Since version 17 there was even a third optimization that it marks the components where a trigger occurred as dirty. Basically, not the parent components need to be checked in this case. It's sufficient to only skip maybe some components, say the app component checked because there was a trigger, and I skip even in the same path where I do my updates normally, skip three components. Then the first component is also triggered for change detection because a signal update happened there. There are of course further optimizations for the future. I quickly go over that. Signal-based components will work without zone chase in future. It's a new component category that they will add to the framework likely with Angular 19. It will support combinations of zone-based and signal-based implementations in one application. Even relationships with parent and child components having different component categories. It is far more efficient than today because at the moment Angular just knows that something happened but not where the change happened.",2024-04-10,0.5479743428403521
286,vector,MR6s4jPKLW9dDD5b3,69b6ca5fa7b5a159c0433d18,useSignal() — A Revolution in State Management,"As I mentioned earlier, the implementation details may vary between these frameworks, but the core principles of reactivity, encapsulation, and centralized state management remain the same. Let's have a very simple take on the use of signals. Let's say we have this feature in the app to do simple calculations. Here we say X is 10, Y is 8, and Z is equal to the sum of X and Y. What is Z? 18, right? Simple enough. What if we wanted to update the value of X to 22? What is Z now? The value of Z is assigned when the expression is first evaluated. It does not react to changes in X or Y. One of the reasons we could use signals is when we want a reactive UI or reactive user interface that change detection can be done across your application automatically. Here's a comparison between simple variables and signals as used in Angular, let's say. In the example of Angular signals, we created the variables X and Y as signal functions, and then we have the Z computed signal. This computed signal automatically reacts and recalculates when either dependency, X or Y, changes, and then updates the new result. Let's break it down a bit. What exactly are signals? The simplest way to explain this in the real sense of reactive programming is that A will always reflect the sum of B and C, even as B and C change. This is quite neat. It results in simple and easy-to-read code that behaves the way you want it and expect it to behave and won't change unexpectedly. At the core, signals are about maintaining and broadcasting the current state to interested subscribers. They remember the last value and ensure that any component or function that listens to them gets the latest update immediately. Another way I wrapped my mind around this concept when I started learning about it is this analogy of a radio station. First, we establish a radio station, like creating a signal. This station, or channel, has content, a data tool it broadcasts. When you create or set the signal or update the signal, this is like changing what is being broadcast. Every time the broadcast or state changes, all the tuned radios or reactive effects and components automatically update to play the new content and listen to the signal. These are the components and effects that use a signal, like a radio tuned into the station's frequency. Whenever the broadcast changes, these radios instantly receive the new content and react accordingly. Reactive principles: in general, these are the two, signals and subscribers. Essentially, the fine-grain reactivity system is powered by signals and subscribers. This terminology comes from Solid.js. This reactivity system ensures that the UI updates automatically and precisely in response to state changes. One of these reactive principles is signals. A signal consists of two parts: a getter and a setter. We can call a getter a getter to access the data stored in the signal within a component. The set function modifies the signal's value and triggers updates across the application.",2024-04-10,0.5464375425629904
287,vector,7169f2b6391a0d9490ef4b35,69b40e24df13a192b75f37ea,Angular Turns 18 - Grown Up But Dynamic,"In comparison, Listing 7 shows a component based on the new signal APIs. The “nightMode” input no longer has an “@Input” decorator; the “input()” function is used instead. Although the type parameter “boolean” is specified for the input, the signal is actually of the type “boolean | undefined”. The “undefined” case occurs when no external value is bound to the input. Otherwise, the “input()” function generates a signal that always contains the currently externally bound input value. Whenever a new value is bound externally, the template is also updated. Like all signals, an input signal can also be used as a source for a “computed()” signal. “computed()” signals correspond to properties that would be written in the “ngOnChanges()” hook without the signal APIs.

Two-way databinding is significantly simplified with the Signal API. Separate input/output is no longer required; instead, a simple ModelSignal is created that combines both input and output.

The example in Listing 7 also shows the new “.required” API, which corresponds to the Required flag in the @Input decorators. In contrast to the decorators, Required also affects the type of the signals. An “input()” contains values with type “boolean | undefined”, while an “input.required()” always contains a real “boolean”. The same applies to “model” and “model.required”.",2024-03-21,0.544744552249577
288,vector,5229d453d1393d2c3d86e145,69b41512df13a192b75fc193,Signals und State Management,"Änderung des Signals API

In Bezug auf Vorarbeiten zum neuen Major Release 17 hat das Angular-Team hinterfragt, ob das Signals API in der aktuellen Form den Developer-Preview-Status verlassen kann, und damit produktiv unterstützt wird, oder ob Änderungen erfolgen müssen. Eine wesentliche Neuerung in der öffentlichen Schnittstelle gibt es nun tatsächlich: Die mutate()-Methode wird nicht mehr unterstützt. Das bedeutet, dass Signals ab jetzt immutable aktualisiert werden müssen. Bislang hat jedes Schreiben eines Objekts oder Arrays in ein Signal auch einen Updatetrigger für alle Konsumenten ausgelöst. Das hat zu einem unerwarteten Verhalten für all jene Entwickler:innen geführt, die bereits durchgängig immutable aktualisiert haben und es notwendig gemacht, dass die State-Management-Anbieter eine alternative equal-Vergleichsfunktion verwenden mussten. Für die breite Angular-Community bedeutet das allerdings, dass die Entwickler:innen, die sich bislang weniger oder gar nicht um immutable Updates gekümmert haben, die eine oder andere Signals-Benachrichtigung

vermissen werden, wenn z. B. Template-driven Forms einzelne Properties eines Objekts mutieren, ohne die Referenz ebenfalls zu erneuern.

Auch wenn hierfür ein für manche neues Konzept (immutable Updates) erlernt werden muss, so ist die Entscheidung, mutate() aus dem öffentlichen API zu entfernen, wohl richtig. Besser das passiert noch knapp innerhalb der Developer-Preview-Phase, denn dadurch kann sichergestellt werden, dass kein Konzept angeboten wird, das möglicherweise ein Major-Release später im Rahmen eines Breaking Changes wieder entfernt werden muss, da es sich in der Praxis nicht bewährt. Der umgekehrte Weg ist jedenfalls einfacher: Sollte man künftig einen soliden Weg finden, mutable Updates doch noch zu erlauben, könnte das als neues Feature einfach und non-breaking erfolgen.",2024-01-09,0.5439971889805411
289,vector,7169f2b6391a0d9490ef4b35,69b40e24df13a192b75f37d2,Angular Turns 18 - Grown Up But Dynamic,"Conclusion

Angular 18 marks another step forward in the framework’s evolution by introducing a variety of new features and optimizations. This version makes important control flow APIs and deferrable views stable, and prepares everything for using Angular without Zone.js. The improved SSR properties and the new client hydration ensure faster, more efficient application execution. Despite some breaking changes, the new versions offer many advantages and adjustments that significantly simplify and improve the development and maintenance of Angular applications. Updating is worthwhile, since a typical application needs to be adapted to a manageable extent and this prevents an update backlog. Those who don’t want to use the features directly can also wait for the next version before updating.

Developers can look forward to a robust, future-proof platform that’s continuously being developed to meet the growing demands of modern web development.

However, the challenge is that the increasing introduction of new APIs makes Angular increasingly difficult to learn, since very few projects start from scratch. Developers have to master old and new concepts at the same time. This means one of Angular’s biggest advantages is being lost, namely that there is exactly one concept for one thing and there aren’t different implementation variations and APIs for the same underlying requirements, as is often seen in React projects. It will be interesting to see how the Angular team deals with the tension between backwards compatibility and “optional new concepts” as opposed to clear, opinionated structures and cognitive ballast.",2024-03-21,0.5428755890079998
290,vector,hyZokjnHGNJmG7wC3,69b67905a7b5a159c042fdca,Nutzung der neuen Standalone API,"Bestimmt haben Sie ebenfalls bereits von Angular Signals gehört. Diese sollen in der Angular Welt die komplette Change Detection revolutionieren. Angular Signals sind etwas, das mit Angular 16 als Developer Preview einmal hineingeführt wurde und jetzt mit Angular 17 tatsächlich production ready sind. Ich möchte Ihnen einen ganz kleinen Überblick über die Signals API geben und warum diese nun angeblich die Change Detection komplett revolutionieren sollen. Signals bieten einen alternativen Ansatz zu der Verwaltung von Zustandsänderungen in einer Anwendung. Wie kann ich nun ein Angular Signal definieren? Hierfür lege ich in unserer Baut Component ein simples Probat, hier dieses Probat nennt sich Count, und ich möchte hieraus ein Signal erstellen. Ein Signal hat immer einen Default-Wert, denn wir möchten ein Signal an unser Template binden, und dann soll direkt etwas angezeigt werden. Wir definieren es mit null. Ein Signal hat meist oder sollte immer einen Datentyp haben. Dies können wir mit einem Generic ebenfalls einsetzen. Nun möchten wir dieses Signal ans Template binden, sodass eben der Wert des Signals dort angezeigt wird. Auch das geht relativ simpel, denn wir rufen einfach nur dieses Probat auf mit unserem ganz normalen. Das Erste, was erstmal sehr seltsam aussieht, ist, dass ein Signal eine Funktion ist, das heißt, um ein Signal aufzurufen, rufen wir tatsächlich den Getter dieses Signals auf mit einer Funktion. Das widerspricht jetzt ein wenig dem Pattern am Anfang dieses Tutorials, in dem ich ausdrücklich davor gewarnt habe, keine Funktion ans Tablet zu binden. Signals sind aber nicht in dem Sinne eine gefährliche Funktion, sondern mit Signals können wir tatsächlich in Zukunft die Strategie generell auf eine andere Stufe heben.",2023-12-04,0.5411154871296443
291,vector,e77d9110a6ab65108dae9feb,69b404a0df13a192b75e4b62,Wie die neuen Angular Signals unsere Architekturen beeinflussen,"Seit Version 16 kommt Angular mit Signals, einem einfachen reaktiven Building Block, der die Datenbindung des Frameworks prägen wird. Vorerst liegt diese Neuerung als Developer-Preview vor, sodass wir uns mit diesem Konzept vertraut machen können. In diesem Artikel gehe ich der Frage nach, wie Signals künftig die Architektur unserer Angular-Anwendungen beeinflussen werden. Ich zeige fünf Optionen auf und erkläre ein paar Hintergründe. Den verwendeten Quellcode findet man bei GitHub in Branches, die mit arc- beginnen [1].",2023-07-11,0.5385857094531071
292,vector,cbH252wTFQkBD22B2,69bace646a6ef599965f005e,Die Magie hinter Angular Signals,"Die Magie hinter Angular Signals

Angular Signals ermöglichen punktuelle HTML-View-Updates und bieten dem Framework damit die Möglichkeit, nicht mehr nur zu wissen, dass eine Aktualisierungsprüfung erfolgen soll, sondern auch in welchem Teil des HTML-Baums genau. Wenngleich RxJS ähnliche punktuelle Information liefern könnte, glänzen Signals speziell bei der Verwaltung von Zuständen und vor allem bei deren einfachem Wertzugriff und der automatischen Benachrichtigung von Konsumenten ohne komplexe Subscription-Verwaltung durch die Entwickler:innen.",2023-12-13,0.5380349056191792
293,vector,Fi7nHMkvDW6nLD9RY,69b7070ec802d74b84c75266,The Internal Magic of Angular Signals,"I wait for a moment because how does this work? We're just calling a function, nothing more. Why is it clear for the template, for the signal, for the whole signal implementation? Why is it clear that now there's a dependency between the signal and the template itself? We have done nothing more than that definition that you can see on the slide. Just two lines of code, one in the TypeScript plus one in the template, and the template can be notified. If you think further, what does this mean in future for Angular? If the change detection is based on that concept, the application can update exactly that string interpolation in the paragraph and nothing more. I will show you a prototype at the end of this talk. It's really a prototype, a modified Angular core package. It's nothing that you should use for production, but it already shows an application that updates correctly without zone.js just by using signals. You can play around with that. There will also be an updated version than Angular 17 for that. Let's look further at writable signals. That's the first thing that you normally come in contact with. The second thing, how do I update the writable signal? As you can see, this is a search bullet point that is already not a feature anymore. They removed this from the public API with Angular 17. Why? Because at the beginning we had this mutate functionality. We could update the value of the signal without changing reference, and nevertheless, the signal triggered an update to all the consumers. But to be honest, from the very first moment that I saw that API, I thought maybe that could be difficult for state management. Maybe that could be difficult for all the other parts that are consuming the signal, maybe working with an object, maybe working with a nested object where all the nested properties, all the nested data structures are not signals, but normal properties, normal objects, normal arrays, normal nested arrays objects, whatever. For all of them, we are getting into a situation where it's hard to figure out what actually changed in the data structure. The typical normal problem why on-push change detection in Angular is more performant than the default one is because immutable state management really cares about creating new references. If something changes in a deeply nested data structure, it's important. It's something that is more performant. Even if the signal can emit the new value on the top, it's our responsibility how deeply nested that data structure is. And that then in the consequence can cause more effort for doing mutated objects. And to be honest, we don't want to do this on our own because the change detection of Angular is already capable of doing that. The default change detection is mature in us that it can do the doing even if the reference doesn't change. But we want to move away from that concept.",2023-10-25,0.5364585187036413
294,vector,T4wRpTJiJaFf87NTc,69b65b9ba7b5a159c042e686,Signals under the hood,"I said before, many frameworks already support or plan to support signals. I have listed some of them: Svelte, Solid, and of course Angular. We will focus now on Angular. The plan is that since it's from now more or less only an implementation. First of all, I would like to ask you if you see me doing something very strange or awkward, please let me know. Live coding is always a little bit hard. We'll start with the very basic thing: the signal itself with a very simple version of the computed. It's kind of a warm-up for myself. Then we will increase the pace a little bit. The goal is that at the end of this talk, we end up with the so-called pull-push pattern or the K-effect. That means these are the essential things you have to know about signals if you want to use them. We will only cover the advanced topics like dynamic dependency tracking and value versioning in theory. I don't even have provided slides for it; I will just explain it, but I will not implement them. That goes far beyond what we can cover in the next half hour. We'll do it via test-driven development. Every exercise or every feature that I want to do starts with a test that I place into the signal. We could also use primitive data types. In that case, I've chosen to go with an Austrian dish, a schnitzel. We just place it into the signal itself. If somebody from the outside wants to access the value of that signal, we just need to call the function; we call the signal as a function in that sense. Then we also have the possibility to come up with setter update functions. There's also a mutate function, which at the moment is a little bit unclear what will happen with this mutate function because in the main branch, or I don't know if it's in the main branch, I was told that there is some kind of commit where they are discussing maybe not using the mutate function any further, but it doesn't really matter. We have here two functions where we can modify our signal. That's the main thing, and that's what we are going to implement now. I have here my IntelliJ, and I start by creating a new file. I say here this is the file; it's called signal.spec.ts. I will of course not write the test; I have already provided it. We have here more or less the same test that you have already seen.",2023-09-27,0.5343256341273258
295,vector,tfsbH79nqjXHDXjGy,69b9e2cc0efa2c2180a17195,Angular Signals: Gamechanger für reaktive Entwicklung,"Angular Signals: Gamechanger für reaktive Entwicklung

Das Angular-Team stellt sein reaktives Modell auf den Prüfstand und schlägt als neuen Ansatz die von anderen Frameworks bekannten Signals vor. Während Altanwendungen zunächst weiter funktionieren wie gehabt, bieten Signals entscheidende Vorteile gegenüber dem bestehenden Modell. Brauchen Anwendungen in Zukunft überhaupt noch RxJS? Welche Vorteile haben Signals auf die Performance einer Anwendung? Und wie funktioniert das Reaktivitätsmodell im Detail? Yannick Baron von Thinktecture und Google Developer Expert für Angular beantwortet alle Fragen rund um die neuen Angular-Signals.",2023-09-26,0.5338207786441966
296,vector,qREnL94qsTwnQH8ic,69bace866a6ef599965f019c,Angular Signals: Gamechanger für reaktive Entwicklung,"Angular Signals: Gamechanger für reaktive Entwicklung

Das Angular-Team stellt sein reaktives Modell auf den Prüfstand und schlägt als neuen Ansatz die von anderen Frameworks bekannten Signals vor. Während Altanwendungen zunächst weiter funktionieren wie gehabt, bieten Signals entscheidende Vorteile gegenüber dem bestehenden Modell. Brauchen Anwendungen in Zukunft überhaupt noch RxJS? Welche Vorteile haben Signals auf die Performance einer Anwendung? Und wie funktioniert das Reaktivitätsmodell im Detail? Yannick Baron von Thinktecture und Google Developer Expert für Angular beantwortet alle Fragen rund um die neuen Angular-Signals.",2023-09-26,0.5332213943363353
297,vector,JSoK2BsCLxytQFAyw,69b9e20d0efa2c2180a14d93,Architekturen mit Angulars brandneuen Signals,"Architekturen mit Angulars brandneuen Signals

Eines der populärsten neuen Features von Angular sind Signals. Als leichtgewichtiger reaktiver Building Block erlauben Signals eine äußerst zielgerichtete Change Detection und bringen somit mehr Performance für die Datenbindung. Außerdem macht es Angular endlich unabhängig von Zone.js. Wie so häufig sind die Grundlagen schnell erklärt. Aber erst danach kommen die wirklich interessanten Fragen auf: Wie und wo soll ich Signals in meiner Anwendung nutzen? Brauche ich einen Store? Wie bekomme ich wirklich die angepriesene feingranulare Change Detection? Welchen Stellenwert haben nun Immutables? Auf welche Besonderheiten muss ich bei den neuen Signal Components achten? Diese Fragen werden hier anhand einiger Beispiele beantwortet. Am Ende wissen Sie, wie sich Signals in Ihre moderne Angular-Architektur integrieren lassen.",2023-11-08,0.5329914958483655
298,vector,Fi7nHMkvDW6nLD9RY,69b7070ec802d74b84c75260,The Internal Magic of Angular Signals,"That's quite important. If we compare this to RxJS, what comes close to that is the BehaviorSubject, because the BehaviorSubject also always has an initial value, always a synchronous value to read. Therefore, we even have the .value property on the BehaviorSubject. For all the other parts of the RxJS library, we typically are used to work with subscriptions and unsubscriptions and somehow need to deal with that. Signals are kind of different when it comes to that. The same value does not trigger a signal update. First of all, what does update mean? I just told you we can read the value synchronously. By just reading a value, how do we get an update? This is the first thing that at first moment, by looking into the signal implementation, may be a little bit surprising. We are reading, just executing a function, and nevertheless, in some situations, we are also getting updates in the future if that value changes. That's about the so-called reactive context that we'll talk about in more detail later. The same value does not trigger an update. If we're talking about updates, we are actually assuming there is some mechanism that allows us to receive updates. If it comes to such an update, I have read the synchronous value, time passes, and then later on I receive an update. If this updated value is exactly the same value as before, if it comes to a primitive value like a string or a number, a direct value comparison is done. If it comes to an object or an array, it doesn't compare deeply nested properties or something like that. At the moment they changed this recently. It works with a reference comparison. So reference like with immutable state management, if you have an object, the object still has the same reference, no signal update. Even if some properties changed, this was not part of the implementation at the beginning in the Angular framework. They changed this quite some weeks ago. Quite a brand new change in the framework before the official production-ready release with Swiss Angular 17 and third patch point. It can automatically update consuming logic on change. Again, the reactive context there is somehow clear for the signal that there is a new value and that there are some parts in the application in the so-called signal dependency graph that need to receive an update if that value changes. Also in that area, there were quite some updates recently.",2023-10-25,0.5314331318924757
299,vector,Pi57WksGsXNXqtR5G,69b5c2a9a7b5a159c0426557,Lightweight Architectures with Angular's Latest Innovations,"Another thing is you cannot monkey patch async and await. Because async and await is a statement. It's not an object. And this is the very reason why Angular is still down leveling async and await to promise change. Even though all the browsers supporting Angular nowadays support async and await natively, it's down leveled. It's compiled into code. We had, I don't know, in 2015 plus the change detection is somewhat coarse-grained. That means components are always checked as a whole. You cannot say, well, let's just update the bottom right corner of the component because there was a change. No, components are always checked and updated as a whole. This is perhaps okay each, but we can do better as other frameworks show us. Frameworks like Solid. Back there is Ryan, who is the author of Solid, and yeah, so let's using signals for quite a time now. So the big question is how do other frameworks solve this issue? It turns out that most of the new frameworks, those newcomers that have very smart ideas, go with signals. And also existing frameworks move towards this direction. If you look into Vue, for instance, or Preact, they are also on signals now or in the foreseeable future. In the case of Vue, for instance. So how will Angular solve this? Well, also with signals. The Angular team discussed a lot with Ryan and Ryan shared a lot of knowledge he collected when implementing Solid, and yeah, now we have a similar implementation here in Angular.",2023-04-26,0.5313733903700553
300,vector,Fi7nHMkvDW6nLD9RY,69b7070ec802d74b84c7525f,The Internal Magic of Angular Signals,"You can follow me on Twitter if you like. However this platform is called at this point of time, I still love the Bluebird, so I still have it on my slides. We also provide some workshops if you're interested with your company, just reach out. Let's dig into the top topic of the so-called reactive primitive. Signals are a reactive primitive, something that the Angular team strives to implement as a really basic framework feature that helps the framework achieve specific goals. Signals, as mentioned, were not really founded, but the concept was brought to the frontend world and used there to update the applications. This is closely connected to Ryan Carniato. He was the one that implemented this first in the Solid.js framework and basically used it for updating the component templates and the application there. The Angular team actually teamed up with Ryan Carniato. They had some sessions discussing the signal concept, discussing the advantages and disadvantages, all the learnings that Ryan Carniato gained during implementing that stuff for Solid. It's a perfect example of how different framework authors can work together in harmony and bring something good for us, for the community, for the Angular users. What is a reactive primitive in detail? It's some facts or characteristics that are picked into that concept. One of those is it directly returns the value in a synchronous way. You just need to call a function on the signal itself and it immediately returns a synchronous value. That's quite nice. We can be sure at any time that when we read the signal, there's no latency. We immediately get the current value, the current state of that signal. You can compare this with a box. The signal is the box, then you can open up the box and read out the value. Exactly that process of opening up and reading the value is synchronous. No latency, no callback logic necessary here. We can trust that the function always returns a synchronous value.",2023-10-25,0.5303128029892774
301,vector,eqEzQ8Wn6jGAbaxbW,69b5ccbda7b5a159c0426de9,The Angular Renaissance,"But please do, like I'm gonna get the progress booth handing out usually candy, but I think USB dongles today, so come talk to me about questions and concerns and things about this if we run out of time. We are going to go back to effects and talk a little bit about them. I am an Angular GDE. I get to talk and hang out with a lot with the Angular team. I don't know if they've warned the community at large, but I do know they have warned GDEs at large about effects. Let's talk about them. They do not set a new value to any new signals. They run anytime one or more of their inner signals change. Sounds familiar, a lot like computed. For logging and external APIs is really the use case here. You saw us logging external APIs outside of our RxJS, right? Do not reach for this buddy often. Dare I say ever. I had like a three-hour call with some really smart people and they were talking about this before it was even announced and they were like, but what if people do this with an effect and then they do that with this other thing, then the whole world would blow up. I was like, this is the longest conversation of my life. I'm gonna summarize for you: please don't use effects in the wrong way. Otherwise, your team's gonna crack down on our community and be like, stop using effects in the wrong way, right? There are bad things that you can do here. Don't, just don't. Let's just talk about when to use signals. Signals in Angular v16, you saw in the stocklets, or maybe you didn't because I didn't show you my package.json. What kind of girl would do such a thing? You do have to be on the latest RC because this is coming out in a couple weeks in developer preview. What does developer preview mean? I apologize if I'm breaking things way too down. I did a workshop last week and I was told that I had promised a certain level of teachings and I went over that. I'm trying my very best to break down common terms that I take for granted. Apologies if you're bored to death, but developer preview for the Angular team and the Angular community usually means that the team isn't expecting this to change much if at all. But it happens, right? So yes, in a couple weeks you can use it in v16 or you can cheat the system and download the RC now. Signals are integrated into the existing change detection model and will mark OnPush components for check, similar to the async pipe. What does that mean to you? You can use them now, in a box and with a fox and with your observables and without your observables. Yes. I personally think we should use them on all the data everywhere, but it has been recommended that you use signals on data that plans to be changed, which makes a lot of sense.",2023-04-26,0.530146578362904
302,vector,Fi7nHMkvDW6nLD9RY,69b7070ec802d74b84c75262,The Internal Magic of Angular Signals,"Good news for all of them: you can write your applications maybe with single await and promises, and you're not forced to use RxJS in the future. It can even be that they remove it as a direct dependency of the Angular framework. Nevertheless, personally, I'm quite sure RxJS will also make sense in future Angular applications because it has a really mature and powerful API that we can use for reactivity. Reactivity will not vanish from the frontend world, but beginning with the last nature leaves, we have now two concepts for reactivity, or if we count promises in and if we count callback methods in, then we have even four concepts for reactivity. Quite a task to work with. RxJS subscription management as already mentioned is something that is not easy. It's not easy for beginners, even for people who know how to write a complex operator chain in RxJS, it's still something that we need to think of where we could use some generic patterns, maybe like async pipe in a template and maybe a local service provided on a component level for TypeScript subscription management. But maybe we don't need this anymore with the interop features of signals because it's simply now picked into the framework that at any time we can convert an observable stream into a signal. Then again, the same story like for any other signal, just a function call and we can read out the value and in some cases we're even notified if changes occur. Last point here, it's easier to use in templates. Why? Because we don't even need an async pipe. It's again just a function call no matter if I do that function call in TypeScript code or if I do that function call in the template. In both ways or in both situations, it works quite nicely. The signals API now.",2023-10-25,0.529994991023335
303,vector,yeDqYHwX2d2dnZvTR,69b64646a7b5a159c042d761,Build the Next Generation of Web Apps With Angular,"We're doing signals in Angular. When I say signals, we're not doing like an Angular signal. We're doing signals. The same concepts that you know and love from signals, that's what we're implementing in Angular. Let's talk about what a signal actually is. You have three core primitives. We say primitives, but you could also consider them just functions, part of the code. You have a signal, a computed, and an effect. Let's talk about the first one: a signal. A signal is a value in a box. But this box is special. It's so special that it knows how to notify other parts of the application when the value changes. That's what makes it special because normally in a non-reactive system, you have to know when the value changes and then you have to get involved. But a signal knows, ""I've changed. Let me tell everybody who cares."" People like, ""Oh, keep me updated on what you do with your new job. Keep me in the loop."" Signals keep you in the loop. Here's how you create a signal in Angular. Nothing fancy, no fancy TypeScript boilerplate. You use a signal factory function and then you pass in the initial value. Has anyone used signals in any other framework before? Does that look kind of familiar? I know it does. That was on purpose. We did it on purpose because we want to make sure that if people want to use Angular for their next project, they come into a place where it feels familiar. You can take advantage of the things that Angular brings uniquely to the table. Here's the second primitive: computed. Computed is another special value container, except computed is great because you can use multiple signals. It's like a derived value. When I first heard that, it was a little hard for me to understand. I'm telling you about how I felt. Let me give you an example that helped me clarify derived value. Think about your full name: your first name plus your surname. You could have three properties in your application for all three of them and try to keep them all up to date. Or you could have a derived value that says your full name is based on your first and last name. If one of those changes, then the full name changes. It's still reactive. I don't have to get involved. If I have a form for a user, I don't have to be like, ""Did the first name change? Did the last name change? Let me update this third field."" No, I don't have to get involved because signals are special and they notify each other and your application when things change. Here's the thing I like a lot because you may care yourself that something changed. You have the idea of an effect. An effect is just a side effect of when some signals change. You may need to get involved. Maybe you need to make an HTTP request for some data. Maybe you need to write something once the value changes of a signal that you care about. An effect is the perfect place to do that. Here's a very simple example. We have first name, last name, and then in the effect function, it's a function. If any of the signals that are read in this function change, this function is executed. If you change first name or last name, then that console.log will happen.",2023-09-28,0.5298102647388924
304,vector,T4wRpTJiJaFf87NTc,69b65b9aa7b5a159c042e683,Signals under the hood,"In this talk, I want to implement the prototype of the current signals implementation of Angular. The reason I do this is that when I try to implement something on my own, I have a much better understanding of how it works. I hope if you watch me and accompany me with thinking about how I'm approaching this and the different features that we have there, it's the same for you. The goal is that at the end of this talk, you should have an understanding of how signals work, also in terms of some kind of very strange behavior, so you really understand why exactly it is like that and why the team didn't choose to go another way. Before I start, I'm very curious, who of you is using Angular? Good. I think it's good if I just say something about signals themselves. Signals are reactive data structures. What does that mean? It means we have a data structure where we can put values inside of it, and then they also provide an option that I can subscribe or be a consumer of it. Then this kind of signal will let me know if a value has changed. Usually, it depends on the implementation and the framework. In Angular, we can say the signal package consists of three main functions. We have the signal function itself that generates the actual signal for us. We also have the possibility to come up with a so-called computed, which is a derived value. This value changes when the underlying signal changes as well. Then we also have the possibility to run side effects. Why are signals so important? Maybe let's quickly skip that. At the moment, we see that signals are becoming more or less the standard for front-end frameworks. For example, last week Svelte also announced that they will bring reactive signals in their own framework as well, but they call it stores, not signals. But in the end, it's signals. When we have a reactive data structure, looking at it from the perspective of a front-end framework, the front-end framework always has this challenge. It needs to know when something has changed and also where that has changed because the framework obviously needs to update the DOM in a way. If we have something like this reactive data structure, like signals embedded directly into the framework itself, this gives the framework a lot of options because the framework in the end is a consumer of all those signals that we are using and is updated automatically. It just knows when to render, when to update the DOM, and exactly where that update has to be done. We can also say that in the past, the central point or the main perspective of the framework was always the component tree. This is now going to change probably because now the framework is more interested in the signals and how they relate to each other, more or less the reactive graph of the signals. That's the main point of them.",2023-09-27,0.5274696694658817
305,vector,Pi57WksGsXNXqtR5G,69b5c2a9a7b5a159c042655a,Lightweight Architectures with Angular's Latest Innovations,"In a nutshell, a signal, let me put it in simple words, is just an object around the value. It's a value wrapped by an object. And you can read this value. In this relationship, the reader is the so-called consumer and the signal is the producer. Of course, you can set this value, you can change it. This is not that special. Reading and writing values is something we learned in the first day of our programming class. However, the special thing is the signal can notify consumers. If they change, they can notify consumers so that they know, well, we need to update our stuff, for instance, in the case of Angular. We need to update our data binding. So let's have a look into an Angular application that is not using signals. We have properties. We assign those properties and the data points those properties. If we go with signals, it's almost the same. However, everything that is state bound should now be wrapped up into signals. For this, we have this signal function here, a convenience function. Most of the time this function finds out about my data type because it can look at the default value. In the case of an array, this is not possible because an empty array tells us nothing about the type of the array. That's why we need this type parameter, like array in here. That means we wrap up our values. If we want to assign the value, we need to call the setter. And if you want to read the value, we need to call the getter. To get is here just using the signal as a function, full parentheses. And yeah, I know people told us we should not use functions within templates, but this is just one side of the story. The real story is you should not use functions or methods in a template doing a lot of stuff. But if you are just something like reading a value or waiting for a notification, it's totally fine. So this is how change detection will work in the future in Angular, and this gives us several advantages like fine-grain change detection. Eventually, not today and not tomorrow, but eventually Angular will be capable of just updating a tiny portion of the component. If the component was only changed in the bottom right corner, it's only updated there. It also allows us to go so less. And similar to the situation with standalone. Oh no, I will come back to the sentence in a minute. Another thing is you can also use this together with our RxJS. Some people laugh, are RxJS. Some people have other hobbies, but if you love RxJS or if you need the power of RxJS like the bouncing, then you can convert signals to observables, use the power of RxJS, and then you can convert everything back to signals. The heaven really nice interop layer. There is no need to unsubscribe. They are unsubscribing themselves. Plus, and this is what I want to say before, similar to the situation with standalone components, you don't need to update your code. Also here, the new way of working seamlessly works together with existing code. You can mix and match components using signals and components using their traditional way of change detection. Of course, once you only have signal-based components, you can throw Zones away or if you start a new project just with signals, you don't need Zones from the beginning.",2023-04-26,0.52584446352069
306,vector,Pi57WksGsXNXqtR5G,69b5c2a9a7b5a159c042654f,Lightweight Architectures with Angular's Latest Innovations,"Okay, we saw several stuff today. I started with the idea of more and lightweight architecture. It's all about finding the sweet spots between over and under engineering. Both is bad. We also talked a lot about standalone components and APIs, which is for me the biggest innovation to achieve this goal. We can get rid of unnecessary indirections. We have seen functional services and we've looked into the upcoming signals. Signals will land in Angular 16 in the next weeks, in the next, I don't know, two or three weeks.",2023-04-26,0.5205553857613769